movieId,genres
107,adventure animation children comedy fantasy
94,action crime thriller
987,comedy romance
155,crime drama
817,drama romance
374,mystery sci-fi thriller
47,crime mystery thriller
985,drama romance
92,action drama war
149,crime drama thriller
786,adventure drama imax
966,action crime thriller
243,drama romance
847,comedy
695,comedy drama
602,drama
573,drama
547,crime drama
8,comedy crime drama thriller
0,crime drama
810,drama
12,comedy drama romance war
977,adventure children romance
48,adventure animation children drama musical imax
641,drama
511,crime drama
649,thriller
262,drama
146,action adventure sci-fi thriller
825,drama
824,drama
675,drama romance
3,drama war
877,drama
217,action sci-fi thriller
514,animation children fantasy musical
618,action drama western
486,crime thriller
778,children comedy
372,adventure animation children comedy musical
28,action sci-fi
368,adventure drama western
27,crime horror thriller
970,animation children drama fantasy musical
385,animation children fantasy musical romance imax
535,adventure western
231,comedy crime drama thriller
779,crime drama mystery thriller
296,comedy drama war
74,comedy war
239,comedy crime drama
1,crime drama
504,comedy drama romance
118,comedy musical romance
116,drama mystery romance thriller
55,mystery thriller
282,comedy romance
688,drama thriller
120,action adventure mystery romance thriller
123,comedy drama romance
172,comedy crime
517,comedy crime mystery romance thriller
53,drama romance
413,film-noir mystery
696,comedy drama musical romance
403,comedy drama romance
235,adventure children fantasy musical
167,drama romance war
83,drama film-noir romance
117,drama mystery
98,adventure drama sci-fi
182,drama
276,drama mystery romance thriller
527,film-noir romance thriller
565,action adventure romance
564,crime film-noir mystery
181,comedy drama war
708,drama
575,comedy crime
727,comedy romance
35,children drama fantasy romance
304,drama
717,comedy romance
687,horror sci-fi thriller
879,adventure comedy romance war
559,drama
664,children comedy fantasy musical
249,musical romance
154,action crime thriller
426,drama
611,children comedy fantasy musical
736,drama horror thriller
856,crime drama
178,crime mystery thriller
100,crime mystery thriller
241,drama war
834,drama
494,children drama sci-fi
983,drama
534,drama
333,drama mystery
169,adventure comedy fantasy
82,drama war
20,drama
22,action adventure sci-fi
353,action adventure comedy fantasy romance
63,action adventure
512,fantasy sci-fi
68,action adventure horror sci-fi
4,drama
111,adventure drama war
101,crime drama sci-fi thriller
99,drama
71,action drama war
54,action drama western
114,action adventure sci-fi
272,film-noir mystery thriller
19,crime drama
43,horror sci-fi
175,drama war
52,crime horror
490,action comedy musical
6,crime drama
105,drama war
72,drama
870,drama romance
106,crime drama
254,drama
396,comedy romance
690,drama
259,drama mystery sci-fi
122,comedy crime
541,comedy drama romance
219,action sci-fi thriller
678,drama war
703,comedy drama romance
859,crime drama film-noir thriller
234,drama
379,comedy drama romance
430,crime film-noir thriller
274,adventure drama war
166,crime film-noir mystery thriller
702,drama sci-fi thriller
193,action adventure drama western
750,comedy musical war
67,horror
220,adventure drama
843,action comedy fantasy horror
170,action adventure drama war
248,drama war
373,comedy fantasy romance
168,drama western
544,crime thriller war
560,comedy mystery thriller
39,adventure comedy sci-fi
829,comedy crime drama
539,drama war
885,comedy drama film-noir
386,action adventure animation sci-fi
253,drama
376,comedy fantasy
896,comedy drama
85,comedy drama war
874,animation children fantasy musical
412,drama western
545,crime film-noir mystery
265,action adventure drama
508,comedy
144,action adventure
531,comedy drama
407,drama
410,drama musical
692,drama war
722,adventure drama
394,action western
256,drama romance
832,comedy romance
981,horror thriller
894,thriller
526,horror
705,drama mystery
997,drama romance
398,drama
848,action adventure sci-fi thriller
211,action horror
792,action romance war western
876,crime drama romance
805,crime drama
812,drama thriller
940,action adventure comedy sci-fi
161,crime film-noir mystery thriller
784,drama mystery thriller
669,drama sci-fi thriller
487,drama
148,comedy drama sci-fi
97,drama romance
473,drama romance
223,comedy crime
821,comedy drama romance
961,adventure animation children comedy drama musical romance
287,action drama war
741,comedy romance
578,drama
284,drama war
982,drama romance war
273,crime drama
917,drama romance
899,drama
497,drama mystery
653,drama
836,action crime thriller
233,drama
674,drama
841,drama
871,drama
365,drama
610,comedy drama
798,horror
210,horror mystery
959,action comedy crime drama
762,action adventure children comedy fantasy
119,drama sci-fi
613,adventure comedy sci-fi
26,action drama war
922,comedy drama fantasy romance
437,film-noir
525,drama romance war
785,drama mystery thriller
924,children comedy musical
425,drama
358,action adventure
357,drama horror thriller
551,crime drama thriller
552,crime drama film-noir thriller
634,action crime drama
728,crime drama thriller
914,drama mystery thriller
777,crime drama thriller
153,action horror sci-fi thriller
507,drama fantasy romance
952,comedy
171,drama
846,comedy drama
49,crime drama
536,action adventure fantasy horror
972,comedy drama
803,action adventure drama thriller
306,crime
944,action drama war
964,horror mystery sci-fi
697,drama
945,comedy crime
375,action drama sci-fi
21,action sci-fi thriller
570,drama film-noir
719,drama horror sci-fi
888,horror sci-fi thriller
619,action comedy sci-fi
530,crime film-noir
513,action drama romance war
252,drama romance war
818,drama
266,adventure animation children drama sci-fi
157,drama horror mystery
773,comedy
538,children comedy
95,drama romance
783,adventure drama thriller
449,action adventure drama
636,comedy
439,drama romance
699,drama
579,adventure comedy romance
861,action drama war
840,action adventure thriller
10,action crime drama thriller
418,adventure drama
419,adventure drama
694,drama fantasy musical
745,comedy crime drama
939,action crime drama sci-fi thriller
811,adventure animation children comedy crime fantasy mystery
837,comedy drama fantasy
676,drama thriller
860,action drama war
851,drama mystery
549,comedy fantasy
563,drama war
290,drama
458,comedy drama romance
657,drama mystery
510,adventure animation children comedy fantasy
29,crime drama
399,drama
367,drama
447,drama war
391,crime drama
704,animation children
943,drama
849,drama
366,drama
800,action crime drama thriller
337,comedy
57,comedy drama romance
135,comedy drama
909,crime drama film-noir thriller
384,crime drama
739,crime film-noir
533,drama western
993,action crime
360,drama mystery thriller
387,drama
128,crime drama film-noir
707,drama
58,comedy drama romance
400,drama
300,drama
200,adventure drama
960,adventure drama western
646,drama horror thriller
404,drama mystery sci-fi
264,comedy drama
700,action adventure drama thriller western
629,action sci-fi thriller
932,crime horror mystery thriller
698,drama musical
415,drama horror thriller
41,action adventure drama
318,adventure comedy romance
797,comedy western
684,drama mystery
830,crime drama
312,drama
864,crime drama thriller
420,drama mystery
925,comedy
491,drama
537,drama musical
637,drama
998,horror sci-fi
96,drama
854,drama
151,comedy crime thriller
638,drama
804,adventure comedy crime
828,action adventure drama war
592,crime drama
60,mystery thriller
275,drama thriller
102,action crime drama
495,adventure animation children comedy fantasy romance
680,crime drama thriller
835,adventure western
401,western
293,drama
279,crime drama western
550,drama
443,drama film-noir
893,comedy drama musical
955,drama horror mystery thriller
789,crime drama thriller
831,action crime thriller
409,drama musical
890,animation drama fantasy
356,drama mystery sci-fi thriller
242,adventure animation children comedy fantasy
931,adventure children fantasy
769,comedy crime
957,comedy drama
11,adventure fantasy
158,drama romance
84,drama mystery thriller
771,action drama war
984,drama
577,drama film-noir
774,action adventure drama thriller
632,children comedy drama
442,comedy mystery thriller
787,action adventure drama thriller western
493,action mystery thriller
949,action crime mystery sci-fi thriller
816,crime drama
190,drama mystery thriller
920,drama thriller
364,action adventure comedy
869,action drama war
844,comedy drama romance
14,adventure fantasy
988,crime drama
221,crime drama
46,drama war
683,comedy drama
574,drama film-noir mystery romance
160,adventure animation children comedy
991,drama thriller
216,action adventure comedy fantasy
887,drama
205,drama
850,drama thriller
453,comedy drama
261,drama fantasy musical romance
127,drama
796,comedy drama romance
280,comedy crime drama
298,comedy drama musical romance
124,drama
522,drama thriller
666,crime drama
553,crime drama
503,crime drama mystery
152,action crime thriller
562,crime thriller
992,crime drama mystery romance thriller
715,comedy drama romance
408,drama film-noir thriller
746,drama
723,action adventure western
292,drama
718,action drama romance western
571,comedy drama
754,comedy musical romance
915,drama romance
648,action adventure drama war
371,drama fantasy romance
5,action adventure drama fantasy
733,adventure drama romance thriller war
455,drama
941,drama sci-fi thriller
898,comedy drama
271,drama
685,action drama horror thriller
103,drama romance sci-fi
389,drama mystery thriller
516,adventure drama
963,comedy thriller
377,action drama thriller
763,action crime drama mystery thriller
956,action crime
434,crime drama thriller
928,comedy
325,drama romance
440,drama
414,drama
244,crime drama
568,drama romance war
673,crime thriller
906,drama war
900,drama
482,adventure fantasy imax
305,crime drama film-noir
712,crime drama horror
605,drama romance
268,drama romance
807,action crime thriller
498,comedy horror
958,drama mystery thriller
935,horror mystery thriller
838,drama
362,action adventure animation children comedy
865,drama
749,drama musical romance
202,comedy fantasy romance
905,crime drama
294,drama war
295,adventure drama war
109,comedy
572,comedy drama romance
255,drama
278,drama war
994,comedy crime drama mystery
752,action comedy crime drama
363,action crime film-noir mystery thriller
953,action adventure sci-fi
406,drama romance
141,action crime imax
661,action adventure sci-fi
324,action adventure comedy musical romance thriller
341,drama
452,comedy musical romance
788,drama romance
603,drama romance
765,adventure fantasy thriller imax
672,drama musical romance
588,drama
978,crime drama romance
732,drama
162,action sci-fi thriller imax
75,drama romance thriller
827,crime drama mystery
989,crime drama
631,adventure comedy drama
370,drama
622,adventure drama thriller
165,drama fantasy thriller
465,adventure comedy sci-fi
42,crime drama thriller
986,drama thriller
500,action adventure drama sci-fi thriller
38,drama mystery sci-fi thriller
381,action adventure crime drama thriller war
691,drama war
226,animation children drama
621,action comedy crime mystery
766,crime drama thriller
937,action fantasy war imax
711,drama
855,animation mystery sci-fi
839,drama
706,drama musical romance
948,adventure comedy fantasy romance
388,action crime thriller
934,comedy
616,drama romance war
971,crime drama thriller
237,action adventure drama
965,crime drama mystery
446,animation drama
656,crime drama thriller
143,crime drama
650,drama sci-fi
147,drama western
496,comedy crime drama thriller
2,action crime drama imax
480,action adventure sci-fi
643,action crime drama thriller
670,adventure drama fantasy
951,action animation children comedy imax
78,adventure animation children romance sci-fi
933,action drama mystery sci-fi thriller imax
686,crime drama mystery
382,crime drama romance
822,drama war
257,crime drama
902,drama
521,drama
627,drama fantasy mystery romance
397,action drama war
775,animation fantasy thriller
628,crime drama mystery thriller
93,action drama war
652,drama mystery sci-fi thriller
481,action adventure sci-fi imax
770,comedy crime
767,comedy drama romance
502,mystery sci-fi thriller
585,comedy drama romance
483,adventure animation children comedy crime
954,drama
475,action adventure sci-fi imax
196,drama
80,comedy drama romance
145,drama mystery thriller
566,drama romance
250,adventure animation children fantasy imax
942,action comedy
112,adventure animation children comedy fantasy imax
969,animation children comedy crime
9,action crime drama mystery sci-fi thriller imax
791,drama fantasy romance sci-fi
820,drama
623,drama
833,comedy drama romance
355,drama thriller
781,action adventure fantasy imax
380,drama
793,animation children comedy fantasy musical romance imax
660,drama
802,crime drama romance
110,drama mystery war
808,comedy fantasy romance
224,action adventure drama fantasy mystery imax
604,crime drama film-noir thriller
228,drama
946,drama
191,adventure comedy drama romance
238,drama
990,comedy drama
543,comedy drama romance
61,action adventure crime imax
340,drama
350,comedy horror
556,drama
208,crime
755,comedy romance
639,comedy drama romance
323,crime drama thriller
642,action adventure thriller imax
640,drama
975,crime drama thriller
489,drama romance
809,drama thriller
814,animation comedy
790,comedy drama
506,adventure drama imax
561,drama romance
331,comedy drama
630,adventure fantasy imax
315,comedy drama romance
64,action drama western
753,comedy drama
316,drama
523,drama romance
758,documentary
780,action adventure sci-fi imax
65,comedy
609,drama fantasy romance
212,drama mystery thriller
467,comedy drama
548,drama
886,adventure drama
187,comedy drama
654,adventure drama thriller imax
251,drama
505,drama
995,comedy drama
659,adventure fantasy imax
140,comedy crime drama
359,drama romance sci-fi
731,drama romance
795,action adventure animation children comedy fantasy
214,comedy drama
18,sci-fi imax
655,action adventure sci-fi imax
321,action drama thriller
499,action adventure sci-fi
478,action sci-fi imax
819,drama romance
679,action adventure animation
799,comedy drama
509,drama
44,drama
213,drama thriller
976,sci-fi
348,action adventure sci-fi
947,comedy horror
624,crime drama thriller
662,action animation comedy
782,drama sci-fi thriller
457,crime drama romance
349,drama thriller war
436,animation children fantasy
395,drama
764,action adventure comedy crime
286,comedy drama fantasy mystery romance
139,children drama thriller
232,crime drama
215,action adventure sci-fi thriller
635,action adventure fantasy sci-fi imax
352,action adventure comedy sci-fi
484,action adventure sci-fi
645,action sci-fi thriller
852,drama
873,drama
612,western
596,action crime mystery thriller
468,comedy drama romance
336,
471,comedy drama romance
338,comedy
351,adventure drama sci-fi
328,comedy
591,drama romance
320,
761,crime drama mystery
246,drama
665,drama
189,drama mystery thriller
872,drama war
240,thriller
313,drama mystery thriller
606,drama
597,drama thriller
598,war
361,action adventure animation children comedy
682,adventure comedy
542,drama
647,drama
721,drama
950,crime drama
77,drama
868,adventure animation children fantasy
218,drama war
416,war
476,sci-fi
347,comedy drama romance
633,drama
392,drama
229,children comedy drama
625,drama
125,drama
615,horror
614,drama romance
332,drama thriller
354,animation drama
485,drama mystery romance
198,action adventure war
334,comedy
768,action crime mystery thriller
346,sci-fi
756,comedy drama
979,horror mystery
230,crime drama
343,drama
667,adventure animation children comedy
709,animation crime drama
501,drama
926,animation drama war
206,action romance thriller
651,animation comedy
456,drama
595,comedy drama
432,drama
938,action comedy sci-fi
163,drama
757,action adventure thriller
133,drama war
968,drama
479,drama
203,action drama
156,comedy drama
194,mystery romance thriller
62,action adventure animation sci-fi
138,action drama thriller
59,action romance
176,horror thriller
594,comedy drama romance
197,action
204,action drama
582,drama
806,adventure animation children comedy
930,comedy drama
222,action drama
488,comedy war
330,crime drama
492,comedy drama
617,crime drama
477,comedy crime drama mystery thriller
136,comedy romance
593,drama
87,action thriller
180,adventure animation children comedy
