userId,movieId,rating
1,4,1.0
1,8,5.0
1,38,3.0
1,110,1.0
1,113,1.0
1,121,3.0
1,153,3.0
1,154,4.0
1,161,4.0
1,167,5.0
1,177,4.0
1,203,5.0
1,244,3.0
1,254,2.0
1,255,4.0
1,266,3.0
1,290,1.0
1,291,3.0
1,356,3.0
1,403,2.0
1,406,4.0
1,428,2.0
1,462,1.0
1,480,5.0
1,493,2.0
1,503,1.0
1,549,5.0
1,574,4.0
1,588,1.0
1,598,2.0
1,604,5.0
1,607,2.0
1,627,4.0
1,631,3.0
1,677,5.0
1,678,1.0
1,711,4.0
1,758,4.0
1,779,3.0
1,789,3.0
1,791,5.0
1,799,1.0
1,824,3.0
1,836,1.0
1,855,2.0
1,870,5.0
1,877,1.0
1,894,4.0
1,899,1.0
1,900,1.0
1,939,3.0
1,981,5.0
1,990,1.0
2,42,1.0
2,69,4.0
2,95,1.0
2,131,1.0
2,146,1.0
2,154,5.0
2,191,3.0
2,198,2.0
2,223,4.0
2,229,1.0
2,235,1.0
2,244,2.0
2,266,1.0
2,268,4.0
2,275,3.0
2,277,4.0
2,290,2.0
2,298,4.0
2,341,1.0
2,412,4.0
2,442,4.0
2,470,2.0
2,485,4.0
2,490,3.0
2,492,4.0
2,521,3.0
2,550,1.0
2,555,4.0
2,571,2.0
2,599,3.0
2,618,3.0
2,640,1.0
2,649,5.0
2,675,5.0
2,719,2.0
2,798,4.0
2,809,5.0
2,810,2.0
2,815,5.0
2,824,1.0
2,839,3.0
2,848,5.0
2,851,1.0
2,872,1.0
2,904,3.0
2,908,2.0
2,913,2.0
2,921,2.0
2,939,5.0
2,978,2.0
3,17,4.0
3,40,3.0
3,62,1.0
3,70,5.0
3,72,5.0
3,74,5.0
3,85,1.0
3,86,3.0
3,87,4.0
3,104,4.0
3,111,4.0
3,119,3.0
3,124,1.0
3,170,3.0
3,208,2.0
3,210,2.0
3,214,2.0
3,226,2.0
3,243,4.0
3,265,3.0
3,287,1.0
3,312,5.0
3,348,5.0
3,355,2.0
3,368,4.0
3,381,2.0
3,436,1.0
3,459,1.0
3,519,5.0
3,526,5.0
3,543,4.0
3,556,3.0
3,573,3.0
3,591,4.0
3,605,1.0
3,645,4.0
3,657,1.0
3,680,3.0
3,682,1.0
3,693,5.0
3,702,4.0
3,714,3.0
3,757,2.0
3,782,5.0
3,783,1.0
3,819,2.0
3,833,1.0
3,840,3.0
3,848,1.0
3,883,2.0
3,916,2.0
3,944,1.0
3,970,1.0
3,986,2.0
4,45,5.0
4,73,5.0
4,105,1.0
4,110,2.0
4,111,5.0
4,124,5.0
4,126,3.0
4,129,4.0
4,139,5.0
4,147,3.0
4,179,4.0
4,200,1.0
4,206,3.0
4,247,3.0
4,250,1.0
4,251,2.0
4,337,5.0
4,338,2.0
4,341,5.0
4,367,3.0
4,381,4.0
4,382,3.0
4,391,4.0
4,395,1.0
4,409,1.0
4,430,4.0
4,433,4.0
4,442,5.0
4,497,3.0
4,510,1.0
4,531,3.0
4,558,3.0
4,564,4.0
4,576,4.0
4,582,5.0
4,606,3.0
4,611,2.0
4,633,4.0
4,637,2.0
4,639,5.0
4,659,5.0
4,660,4.0
4,726,3.0
4,790,3.0
4,798,3.0
4,819,4.0
4,871,5.0
4,911,2.0
4,960,2.0
4,975,1.0
5,25,4.0
5,39,2.0
5,87,3.0
5,89,1.0
5,106,5.0
5,111,4.0
5,143,4.5
5,161,2.0
5,170,4.0
5,171,2.0
5,205,3.0
5,210,1.0
5,240,5.0
5,254,3.0
5,275,1.0
5,302,2.0
5,313,4.0
5,331,5.0
5,366,5.0
5,378,2.0
5,386,2.0
5,414,1.0
5,432,1.0
5,433,2.0
5,467,5.0
5,473,5.0
5,484,4.0
5,502,5.0
5,542,1.0
5,548,1.0
5,572,2.0
5,583,5.0
5,629,1.0
5,636,1.0
5,643,3.0
5,656,2.0
5,681,1.0
5,699,2.0
5,757,4.0
5,773,5.0
5,782,2.0
5,792,1.0
5,807,3.0
5,817,5.0
5,823,3.0
5,879,1.0
5,885,4.0
5,892,2.0
5,909,3.0
5,980,4.0
6,0,1.0
6,69,3.0
6,77,3.0
6,98,4.0
6,117,4.0
6,146,2.0
6,208,3.0
6,211,3.0
6,228,5.0
6,234,1.0
6,235,2.0
6,246,3.0
6,247,5.0
6,260,3.0
6,266,1.0
6,268,4.0
6,286,3.0
6,295,4.0
6,317,2.0
6,337,4.0
6,382,3.0
6,477,1.0
6,489,4.0
6,497,1.0
6,537,1.0
6,555,4.0
6,587,2.0
6,588,2.0
6,590,4.0
6,595,2.0
6,600,1.0
6,610,2.5
6,615,2.0
6,667,2.0
6,705,4.0
6,709,4.0
6,735,5.0
6,799,2.0
6,816,2.0
6,840,4.0
6,869,5.0
6,884,3.0
6,933,4.0
6,962,1.0
6,965,3.0
6,997,3.0
7,47,1.0
7,56,1.0
7,92,3.0
7,105,3.0
7,109,1.0
7,113,2.0
7,129,4.0
7,154,5.0
7,163,1.0
7,178,5.0
7,196,2.0
7,199,3.0
7,213,2.0
7,223,5.0
7,225,5.0
7,232,2.0
7,313,2.0
7,347,1.0
7,351,3.0
7,374,3.0
7,386,2.0
7,401,5.0
7,422,4.0
7,428,4.0
7,446,3.0
7,494,5.0
7,541,1.0
7,552,3.0
7,569,4.0
7,627,4.0
7,639,4.0
7,661,3.0
7,709,4.0
7,721,4.0
7,780,4.0
7,820,2.0
7,825,3.0
7,886,2.0
7,920,4.0
7,937,5.0
7,968,5.0
7,991,1.0
8,7,1.0
8,10,2.0
8,27,2.0
8,67,3.0
8,72,3.0
8,74,2.0
8,77,4.0
8,92,4.0
8,142,5.0
8,164,1.0
8,171,5.0
8,186,4.0
8,217,1.0
8,236,3.0
8,237,3.0
8,246,1.0
8,258,2.0
8,274,2.0
8,281,1.0
8,295,2.0
8,338,5.0
8,343,2.0
8,389,3.0
8,415,2.0
8,438,4.0
8,443,3.0
8,462,3.0
8,485,2.0
8,498,2.0
8,506,3.0
8,516,3.0
8,539,4.0
8,559,1.0
8,582,5.0
8,588,4.0
8,596,2.0
8,601,1.0
8,609,5.0
8,615,4.0
8,617,4.0
8,622,2.0
8,678,1.0
8,681,2.0
8,684,3.0
8,689,2.0
8,696,4.0
8,749,3.0
8,793,2.5
8,801,5.0
8,810,4.0
8,843,3.0
8,875,4.0
8,880,3.0
8,901,1.0
8,912,4.0
8,923,1.0
8,930,3.0
8,969,1.0
8,974,2.0
8,983,2.0
9,0,1.0
9,12,3.0
9,13,5.0
9,24,1.0
9,38,2.0
9,67,3.0
9,71,2.0
9,81,4.0
9,124,1.0
9,194,2.0
9,208,5.0
9,245,2.0
9,268,5.0
9,294,5.0
9,351,3.0
9,360,1.0
9,380,5.0
9,389,4.0
9,396,4.0
9,397,1.0
9,446,4.0
9,452,3.0
9,482,2.0
9,486,4.0
9,498,2.0
9,511,2.0
9,531,4.0
9,537,2.0
9,562,4.0
9,566,5.0
9,570,1.0
9,597,3.0
9,680,2.0
9,719,2.0
9,724,2.0
9,762,3.0
9,783,4.0
9,798,1.0
9,809,2.5
9,824,5.0
9,863,2.0
9,864,2.0
9,883,2.0
9,906,2.0
9,927,5.0
9,972,5.0
10,21,3.0
10,72,2.0
10,89,1.0
10,92,5.0
10,118,3.0
10,131,2.0
10,151,5.0
10,162,5.0
10,164,1.0
10,165,1.0
10,170,4.0
10,208,4.0
10,219,3.0
10,252,3.0
10,282,2.0
10,350,5.0
10,362,4.0
10,371,5.0
10,374,4.0
10,382,5.0
10,397,4.0
10,441,4.0
10,444,2.0
10,466,5.0
10,482,1.0
10,502,2.0
10,503,4.0
10,515,1.0
10,527,1.0
10,556,5.0
10,620,4.0
10,656,2.0
10,661,2.0
10,686,3.0
10,725,2.0
10,731,5.0
10,803,5.0
10,819,1.0
10,862,1.0
10,884,3.0
10,902,4.0
10,912,4.0
10,919,3.0
10,950,2.0
10,954,4.0
10,971,3.0
10,975,1.0
11,41,5.0
11,83,4.0
11,129,4.0
11,136,1.0
11,186,5.0
11,189,2.0
11,225,4.0
11,236,2.0
11,253,5.0
11,268,4.0
11,270,2.0
11,296,3.0
11,305,1.0
11,306,3.0
11,317,3.0
11,336,4.0
11,367,4.0
11,375,3.0
11,391,4.0
11,421,5.0
11,425,3.0
11,426,5.0
11,443,4.0
11,453,2.0
11,517,1.0
11,529,3.0
11,600,1.0
11,606,4.0
11,620,5.0
11,655,2.0
11,661,5.0
11,662,1.0
11,665,4.0
11,692,4.0
11,728,4.0
11,752,1.0
11,753,1.0
11,809,3.0
11,826,3.0
11,829,3.0
11,869,4.0
11,889,5.0
11,898,5.0
11,923,5.0
11,944,2.0
12,41,5.0
12,55,1.0
12,87,5.0
12,94,5.0
12,102,1.0
12,107,4.0
12,133,3.0
12,139,1.0
12,147,3.0
12,217,2.0
12,221,2.0
12,229,5.0
12,233,2.0
12,267,2.0
12,270,3.0
12,290,3.0
12,306,5.0
12,335,2.0
12,386,2.0
12,388,3.0
12,404,4.0
12,464,1.0
12,527,4.0
12,549,5.0
12,569,2.0
12,573,5.0
12,612,3.0
12,619,3.0
12,635,3.0
12,643,2.0
12,659,3.0
12,660,3.0
12,691,2.0
12,701,2.0
12,731,5.0
12,747,3.0
12,772,5.0
12,781,5.0
12,790,5.0
12,821,5.0
12,834,1.0
12,864,3.0
12,888,3.0
12,935,2.0
12,937,1.0
12,941,4.0
12,946,1.0
12,967,1.0
12,972,4.0
12,974,1.0
12,979,5.0
12,980,1.0
13,2,5.0
13,47,3.0
13,49,4.0
13,78,5.0
13,108,5.0
13,138,1.0
13,139,2.0
13,146,4.0
13,147,2.0
13,148,3.0
13,150,5.0
13,178,1.0
13,191,3.0
13,206,5.0
13,215,1.0
13,228,2.0
13,237,2.0
13,272,4.0
13,275,1.0
13,299,5.0
13,310,1.0
13,325,3.0
13,333,4.0
13,338,2.0
13,360,5.0
13,376,2.0
13,381,5.0
13,399,4.0
13,404,5.0
13,445,4.0
13,460,2.0
13,485,3.0
13,495,1.0
13,496,3.0
13,559,5.0
13,567,4.0
13,574,5.0
13,586,4.0
13,605,5.0
13,662,5.0
13,677,1.0
13,714,1.0
13,750,5.0
13,774,5.0
13,784,5.0
13,823,2.0
13,835,1.0
13,861,3.0
13,865,2.0
13,916,5.0
13,918,2.0
13,940,2.0
13,962,4.0
13,982,2.0
13,988,4.0
13,992,4.0
13,997,1.0
13,998,4.0
14,13,2.0
14,18,1.0
14,50,5.0
14,53,2.0
14,82,5.0
14,92,2.0
14,98,3.0
14,153,5.0
14,155,5.0
14,156,5.0
14,186,2.0
14,188,5.0
14,208,3.0
14,210,5.0
14,211,5.0
14,220,3.0
14,221,1.0
14,254,5.0
14,259,2.0
14,282,2.0
14,293,1.0
14,380,5.0
14,498,3.0
14,537,2.0
14,550,3.0
14,551,2.0
14,567,2.0
14,574,4.0
14,602,4.0
14,695,5.0
14,697,4.0
14,707,4.0
14,726,1.0
14,729,1.0
14,804,4.0
14,818,4.0
14,846,3.0
14,897,5.0
14,900,4.0
14,934,5.0
14,937,4.0
14,953,3.0
14,970,5.0
14,972,3.0
14,974,3.0
14,995,3.0
15,4,2.0
15,9,2.0
15,15,1.0
15,73,2.0
15,96,2.0
15,110,4.0
15,127,5.0
15,130,1.0
15,202,5.0
15,245,5.0
15,258,3.0
15,291,5.0
15,293,4.0
15,295,1.0
15,303,2.0
15,316,2.0
15,318,2.0
15,320,1.0
15,373,5.0
15,400,2.0
15,420,4.0
15,422,4.0
15,424,2.0
15,425,5.0
15,428,5.0
15,432,3.0
15,435,2.0
15,440,4.0
15,448,3.0
15,450,1.0
15,467,1.0
15,480,4.0
15,494,1.0
15,507,1.0
15,527,4.0
15,558,3.0
15,577,4.0
15,668,5.0
15,697,3.0
15,705,2.0
15,708,1.0
15,755,1.0
15,770,1.0
15,805,2.0
15,816,3.0
15,826,1.0
15,828,2.0
15,830,4.0
15,845,1.0
15,888,3.0
15,905,5.0
15,935,4.0
15,936,2.0
15,992,5.0
16,26,3.0
16,31,1.0
16,38,1.0
16,58,1.0
16,78,4.0
16,81,5.0
16,84,1.0
16,114,4.0
16,158,3.0
16,248,5.0
16,275,1.0
16,286,1.0
16,296,2.0
16,409,3.0
16,443,5.0
16,457,2.0
16,528,2.0
16,610,4.0
16,627,4.0
16,653,2.0
16,657,1.0
16,663,3.0
16,687,3.0
16,693,2.0
16,708,2.0
16,721,2.0
16,734,1.0
16,745,5.0
16,748,5.0
16,756,1.0
16,806,2.0
16,813,2.0
16,816,3.0
16,821,5.0
16,843,1.0
16,889,2.0
16,897,1.0
16,905,1.0
16,915,4.0
16,920,5.0
16,928,4.0
16,945,2.0
16,949,5.0
16,984,3.0
17,4,4.0
17,29,1.0
17,79,5.0
17,120,3.0
17,122,1.0
17,128,3.0
17,131,4.0
17,135,5.0
17,172,3.0
17,178,1.0
17,180,2.0
17,183,4.0
17,198,2.0
17,206,2.0
17,208,2.0
17,210,1.0
17,211,1.0
17,222,5.0
17,254,3.0
17,261,4.0
17,284,3.0
17,298,5.0
17,330,1.0
17,337,1.0
17,344,2.0
17,374,4.0
17,382,2.0
17,414,5.0
17,533,1.0
17,553,2.0
17,607,2.0
17,609,4.0
17,666,4.0
17,672,3.0
17,720,3.0
17,747,3.0
17,750,4.0
17,787,3.0
17,794,4.0
17,795,3.0
17,812,5.0
17,820,5.0
17,826,1.0
17,834,3.5
17,839,5.0
17,852,2.0
17,862,2.0
17,870,1.5
17,872,5.0
17,874,1.0
17,883,4.0
17,885,4.0
17,891,3.0
17,897,5.0
17,903,4.0
17,916,3.0
17,919,2.0
17,941,4.5
17,949,2.0
17,956,2.0
17,996,5.0
18,11,1.0
18,18,4.0
18,24,2.0
18,103,2.0
18,129,4.0
18,135,5.0
18,160,1.0
18,186,5.0
18,261,4.0
18,276,5.0
18,322,3.0
18,357,3.0
18,362,1.0
18,370,3.5
18,398,1.0
18,426,1.0
18,434,5.0
18,478,1.0
18,520,2.0
18,532,3.0
18,558,4.0
18,588,3.0
18,657,2.0
18,660,1.0
18,672,1.0
18,698,3.0
18,720,5.0
18,737,2.0
18,764,1.0
18,784,5.0
18,793,5.0
18,797,4.0
18,801,1.0
18,871,2.0
18,918,5.0
18,992,2.0
19,63,5.0
19,72,4.0
19,74,5.0
19,95,1.0
19,113,1.0
19,154,2.0
19,192,5.0
19,193,4.0
19,194,3.0
19,199,2.0
19,209,5.0
19,228,5.0
19,230,5.0
19,236,5.0
19,251,5.0
19,258,3.0
19,264,5.0
19,269,4.0
19,284,3.0
19,288,3.0
19,300,1.0
19,301,5.0
19,333,5.0
19,347,3.0
19,357,5.0
19,387,3.0
19,429,4.0
19,463,2.0
19,470,1.0
19,492,5.0
19,519,5.0
19,522,1.0
19,536,3.0
19,538,5.0
19,539,4.0
19,560,5.0
19,570,2.0
19,581,4.0
19,598,5.0
19,621,2.0
19,622,4.0
19,636,1.0
19,648,1.0
19,661,5.0
19,662,5.0
19,709,5.0
19,733,4.0
19,742,5.0
19,757,2.0
19,784,4.0
19,840,5.0
19,843,3.0
19,849,3.0
19,854,3.5
19,873,3.0
19,938,2.0
19,939,2.0
19,959,3.5
19,971,1.0
19,973,5.0
20,138,1.0
20,140,1.0
20,145,5.0
20,149,3.0
20,158,2.0
20,210,1.0
20,215,1.0
20,245,1.0
20,254,4.0
20,365,1.0
20,423,3.0
20,442,1.0
20,468,5.0
20,472,4.0
20,475,1.0
20,478,5.0
20,486,2.0
20,487,4.0
20,503,1.0
20,504,2.0
20,512,5.0
20,555,1.0
20,557,5.0
20,580,1.0
20,617,4.0
20,629,4.0
20,693,1.0
20,698,3.0
20,703,1.0
20,728,4.0
20,733,2.0
20,735,2.0
20,741,4.0
20,748,5.0
20,757,1.0
20,767,2.0
20,773,4.0
20,788,3.0
20,794,5.0
20,819,3.0
20,831,2.0
20,889,2.0
20,894,3.0
20,906,5.0
20,935,2.0
20,962,1.0
20,989,1.0
21,12,1.0
21,34,1.0
21,59,5.0
21,60,1.5
21,91,1.0
21,108,3.0
21,133,5.0
21,150,5.0
21,152,2.0
21,170,1.0
21,179,1.0
21,188,5.0
21,224,5.0
21,251,5.0
21,332,1.0
21,411,3.0
21,421,1.0
21,434,5.0
21,435,1.0
21,446,1.0
21,456,2.0
21,460,5.0
21,479,5.0
21,482,2.0
21,502,5.0
21,518,5.0
21,529,1.0
21,541,1.0
21,550,4.0
21,554,4.0
21,561,4.0
21,566,4.0
21,594,4.0
21,595,3.0
21,609,3.0
21,611,5.0
21,663,2.0
21,664,4.0
21,670,1.0
21,693,4.0
21,719,5.0
21,725,3.0
21,729,4.0
21,738,3.0
21,757,3.0
21,769,5.0
21,786,4.0
21,789,2.0
21,790,4.0
21,839,1.0
21,842,2.0
21,844,1.0
21,849,1.0
21,865,3.0
21,877,1.0
21,885,3.0
21,892,1.0
21,910,4.0
21,913,4.0
21,924,3.0
21,955,1.0
21,972,1.0
21,975,5.0
21,978,4.0
21,985,1.0
21,999,3.0
22,41,5.0
22,55,2.0
22,68,2.0
22,70,4.0
22,75,2.0
22,97,5.0
22,102,4.0
22,108,2.0
22,131,3.0
22,133,2.0
22,146,1.0
22,176,1.0
22,185,1.0
22,188,2.5
22,226,5.0
22,245,4.0
22,255,1.0
22,281,4.0
22,299,5.0
22,301,2.0
22,380,1.0
22,438,3.0
22,464,5.0
22,482,1.0
22,501,1.0
22,506,3.0
22,540,1.0
22,549,4.0
22,594,5.0
22,598,4.0
22,607,5.0
22,615,2.0
22,693,5.0
22,694,2.0
22,716,3.0
22,743,2.0
22,746,5.0
22,780,4.0
22,799,5.0
22,841,2.0
22,877,2.0
22,883,4.0
22,901,5.0
22,902,1.0
22,959,1.0
23,66,1.0
23,156,2.0
23,166,4.0
23,167,2.0
23,172,2.0
23,187,3.0
23,189,5.0
23,222,2.0
23,226,3.0
23,228,3.0
23,250,5.0
23,267,5.0
23,295,3.0
23,335,5.0
23,363,1.0
23,368,3.0
23,375,1.0
23,414,4.0
23,452,5.0
23,480,4.0
23,489,2.0
23,522,4.0
23,535,5.0
23,543,2.0
23,549,2.0
23,600,1.0
23,615,4.0
23,623,2.0
23,659,3.0
23,677,3.0
23,684,5.0
23,700,1.0
23,710,2.0
23,711,4.0
23,722,1.0
23,727,4.0
23,774,1.0
23,810,5.0
23,900,5.0
23,902,3.0
23,905,5.0
23,926,2.0
23,930,5.0
23,944,1.0
23,949,1.0
23,961,5.0
23,982,1.0
24,72,4.0
24,89,3.0
24,104,4.0
24,111,1.0
24,119,4.0
24,178,3.0
24,187,4.0
24,200,3.5
24,249,2.0
24,269,1.0
24,274,3.0
24,277,3.0
24,297,5.0
24,305,2.0
24,322,5.0
24,369,4.0
24,374,4.0
24,394,4.0
24,401,1.0
24,412,2.0
24,415,3.0
24,425,4.0
24,446,2.0
24,483,3.0
24,531,2.0
24,533,4.0
24,609,2.0
24,624,2.0
24,645,2.0
24,654,2.0
24,658,3.0
24,669,4.0
24,697,2.0
24,704,4.0
24,711,2.0
24,715,1.0
24,745,3.0
24,759,5.0
24,775,4.0
24,787,5.0
24,807,1.0
24,826,5.0
24,830,2.0
24,838,3.0
24,852,2.0
24,915,3.0
24,929,5.0
24,948,1.0
24,951,2.0
24,960,1.0
24,992,1.0
25,26,4.0
25,28,5.0
25,46,3.0
25,64,4.0
25,76,5.0
25,86,1.0
25,104,1.0
25,117,5.0
25,143,2.0
25,146,5.0
25,153,2.0
25,165,1.0
25,168,2.0
25,184,1.0
25,187,2.0
25,190,4.0
25,191,4.0
25,203,4.0
25,282,4.0
25,339,2.0
25,344,5.0
25,347,3.0
25,350,5.0
25,363,3.0
25,387,4.0
25,423,4.0
25,432,1.0
25,461,4.0
25,477,4.0
25,520,4.0
25,546,5.0
25,553,2.0
25,557,4.0
25,560,5.0
25,606,1.0
25,608,3.0
25,611,2.0
25,627,4.0
25,636,1.0
25,692,5.0
25,765,3.0
25,771,2.0
25,787,2.0
25,791,4.0
25,795,3.0
25,801,1.0
25,803,4.0
25,852,3.0
25,857,5.0
25,860,3.0
25,910,5.0
25,936,4.0
25,937,5.0
25,948,4.0
25,961,1.0
25,983,2.0
26,11,2.0
26,24,5.0
26,29,5.0
26,65,5.0
26,71,2.0
26,90,1.0
26,92,3.5
26,144,4.0
26,191,4.0
26,199,4.0
26,200,1.0
26,207,3.0
26,219,3.0
26,280,1.0
26,281,4.0
26,304,1.0
26,320,4.0
26,352,3.0
26,364,3.0
26,366,2.0
26,372,2.0
26,387,5.0
26,404,4.0
26,405,4.0
26,408,4.0
26,412,3.0
26,413,4.0
26,438,1.0
26,447,5.0
26,460,2.0
26,486,3.0
26,509,5.0
26,536,3.0
26,569,2.0
26,578,3.0
26,608,3.0
26,617,3.0
26,634,2.0
26,673,3.0
26,679,2.0
26,690,1.0
26,692,4.0
26,693,4.0
26,749,2.0
26,754,5.0
26,819,4.0
26,832,2.0
26,862,3.0
26,869,3.0
26,886,1.0
26,909,5.0
26,925,4.0
26,927,1.0
26,981,5.0
27,3,1.0
27,26,4.0
27,29,1.0
27,42,4.0
27,47,4.0
27,48,1.5
27,81,3.0
27,181,4.0
27,189,4.0
27,190,2.0
27,206,5.0
27,215,4.0
27,247,2.0
27,302,4.0
27,323,2.0
27,334,2.0
27,345,3.0
27,383,3.0
27,387,1.0
27,426,1.0
27,504,3.0
27,542,3.0
27,546,4.0
27,551,5.0
27,581,5.0
27,596,1.5
27,601,3.0
27,642,1.0
27,666,2.0
27,674,4.0
27,693,4.0
27,707,1.0
27,722,3.0
27,754,1.0
27,762,1.0
27,771,3.0
27,839,1.0
27,876,4.0
27,889,5.0
27,896,5.0
27,909,2.0
27,934,3.0
27,950,2.0
27,987,1.0
27,991,1.0
28,18,3.0
28,24,2.0
28,32,5.0
28,41,1.0
28,43,2.0
28,47,3.0
28,57,3.0
28,100,3.0
28,102,3.0
28,124,5.0
28,134,3.0
28,151,1.0
28,205,3.0
28,212,3.0
28,230,4.0
28,231,1.0
28,246,4.0
28,265,5.0
28,284,4.0
28,311,2.0
28,313,5.0
28,326,4.0
28,336,1.0
28,341,5.0
28,379,5.0
28,418,2.0
28,446,4.0
28,449,3.0
28,478,2.0
28,494,2.0
28,505,5.0
28,521,3.0
28,533,5.0
28,536,4.0
28,583,4.0
28,590,3.0
28,619,4.0
28,638,5.0
28,646,1.0
28,647,2.0
28,665,1.0
28,731,3.0
28,744,3.0
28,765,3.0
28,838,3.0
28,854,3.0
28,896,2.0
28,924,3.0
28,943,1.0
28,957,5.0
28,983,5.0
28,984,3.0
29,12,2.0
29,21,2.0
29,83,4.0
29,134,4.0
29,144,1.0
29,185,1.0
29,244,4.0
29,270,2.0
29,276,3.0
29,282,2.0
29,328,1.0
29,333,4.0
29,359,3.0
29,370,2.5
29,408,1.0
29,451,1.0
29,455,2.0
29,465,5.0
29,467,2.0
29,485,4.0
29,529,2.0
29,537,4.0
29,545,3.0
29,555,5.0
29,559,2.0
29,563,1.0
29,567,2.0
29,600,2.0
29,654,3.0
29,673,2.0
29,677,4.0
29,682,5.0
29,704,3.0
29,721,2.0
29,730,4.0
29,731,1.0
29,782,5.0
29,829,2.0
29,843,5.0
29,844,1.0
29,848,1.0
29,857,4.0
29,919,1.0
29,920,2.0
29,923,3.0
29,949,3.0
29,981,5.0
29,987,2.0
29,991,5.0
30,5,2.0
30,20,1.0
30,44,2.0
30,57,1.0
30,71,5.0
30,93,2.0
30,112,2.0
30,193,3.0
30,204,2.0
30,210,4.0
30,215,3.0
30,224,5.0
30,227,5.0
30,249,5.0
30,252,3.0
30,263,5.0
30,265,3.0
30,271,5.0
30,314,2.0
30,372,2.0
30,404,2.0
30,428,3.0
30,439,2.0
30,440,1.0
30,476,4.0
30,513,3.0
30,542,2.0
30,609,1.0
30,624,2.0
30,632,2.0
30,696,4.0
30,717,5.0
30,742,3.0
30,750,1.0
30,762,5.0
30,789,3.0
30,812,1.0
30,820,1.0
30,833,3.0
30,835,1.0
30,847,2.0
30,858,1.0
30,883,1.0
30,886,5.0
30,913,3.0
30,920,2.0
30,948,3.0
30,962,3.5
30,985,1.0
30,993,5.0
31,28,1.0
31,35,4.0
31,117,2.0
31,144,5.0
31,162,3.0
31,190,3.0
31,211,5.0
31,238,4.5
31,267,3.0
31,317,5.0
31,326,3.0
31,355,3.0
31,375,5.0
31,390,2.0
31,398,2.0
31,400,4.0
31,415,1.0
31,419,1.0
31,456,2.0
31,484,3.0
31,502,2.0
31,693,3.0
31,712,1.0
31,777,3.0
31,803,4.0
31,823,1.0
31,832,4.0
31,867,3.0
31,915,5.0
31,967,4.0
32,29,4.0
32,58,1.0
32,63,1.0
32,95,4.0
32,115,2.5
32,165,3.5
32,180,5.0
32,181,1.0
32,198,4.0
32,205,5.0
32,241,1.0
32,246,3.0
32,269,5.0
32,309,4.0
32,312,3.0
32,367,4.0
32,375,3.0
32,387,5.0
32,441,5.0
32,454,4.0
32,481,5.0
32,484,4.0
32,497,5.0
32,503,3.0
32,513,1.0
32,516,3.0
32,528,4.0
32,535,2.0
32,546,1.0
32,581,2.0
32,588,3.0
32,616,2.0
32,679,4.0
32,684,1.0
32,686,2.0
32,687,1.0
32,692,2.0
32,693,5.0
32,743,5.0
32,755,4.0
32,765,1.0
32,778,3.0
32,779,3.0
32,782,2.0
32,802,2.0
32,823,5.0
32,828,5.0
32,853,5.0
32,884,2.0
32,892,3.0
32,896,5.0
32,908,2.0
32,918,3.0
32,925,2.0
32,937,4.0
33,6,1.0
33,43,2.0
33,51,5.0
33,65,3.0
33,68,4.0
33,116,1.0
33,136,4.0
33,139,1.0
33,146,3.0
33,155,1.0
33,170,4.0
33,183,1.0
33,192,3.0
33,194,2.0
33,195,2.0
33,256,5.0
33,264,2.0
33,267,5.0
33,284,1.0
33,285,2.0
33,299,3.0
33,316,4.0
33,326,4.0
33,333,5.0
33,343,5.0
33,377,5.0
33,397,3.0
33,441,5.0
33,493,2.0
33,516,5.0
33,520,5.0
33,522,5.0
33,568,1.0
33,610,4.0
33,650,1.0
33,678,2.0
33,692,4.0
33,699,5.0
33,707,2.0
33,720,1.0
33,734,1.0
33,737,3.0
33,739,2.0
33,746,5.0
33,757,2.0
33,813,1.0
33,829,5.0
33,844,3.0
33,846,2.0
33,852,3.0
33,890,2.0
33,899,2.0
33,907,1.0
33,912,3.0
33,924,2.0
33,944,5.0
33,953,1.0
33,956,2.0
33,962,2.0
33,982,1.0
34,93,5.0
34,119,2.0
34,143,5.0
34,154,3.0
34,163,5.0
34,174,2.0
34,214,2.0
34,293,1.0
34,332,3.0
34,339,4.0
34,383,2.0
34,387,3.0
34,393,4.0
34,425,2.0
34,428,3.0
34,438,2.0
34,457,2.0
34,507,1.0
34,512,3.0
34,528,4.0
34,534,5.0
34,564,1.0
34,574,5.0
34,601,2.0
34,605,3.0
34,616,1.0
34,671,5.0
34,714,5.0
34,723,2.0
34,724,2.0
34,725,1.0
34,729,3.0
34,737,1.0
34,753,2.0
34,757,4.0
34,765,2.0
34,782,4.0
34,868,5.0
34,908,3.0
34,918,3.5
34,920,5.0
34,924,5.0
34,926,1.0
34,935,3.0
34,949,5.0
34,953,4.5
34,973,2.0
35,5,5.0
35,14,3.0
35,16,3.0
35,77,3.0
35,82,2.0
35,89,4.0
35,103,2.0
35,149,5.0
35,181,5.0
35,205,4.0
35,248,1.0
35,249,5.0
35,304,2.0
35,319,1.0
35,325,4.0
35,336,4.0
35,377,4.0
35,379,1.0
35,383,5.0
35,419,4.0
35,434,5.0
35,438,3.0
35,450,4.0
35,460,1.0
35,480,5.0
35,488,5.0
35,524,5.0
35,540,4.0
35,553,5.0
35,560,5.0
35,583,1.0
35,589,3.0
35,619,4.0
35,640,5.0
35,642,3.0
35,657,5.0
35,734,4.0
35,748,3.0
35,755,3.0
35,758,5.0
35,768,5.0
35,777,4.0
35,811,5.0
35,824,2.0
35,844,2.0
35,865,4.0
35,874,1.0
35,885,4.0
35,892,4.0
35,902,3.0
35,970,1.0
35,978,5.0
36,3,3.0
36,19,5.0
36,37,4.0
36,44,2.0
36,56,3.0
36,58,4.0
36,65,2.5
36,68,2.0
36,70,4.0
36,87,5.0
36,100,1.0
36,110,1.0
36,129,4.0
36,152,5.0
36,153,5.0
36,157,5.0
36,174,4.0
36,182,2.0
36,187,5.0
36,240,1.0
36,248,5.0
36,261,3.0
36,272,5.0
36,354,1.0
36,384,1.0
36,420,5.0
36,424,2.0
36,425,1.0
36,431,4.0
36,490,3.0
36,529,1.0
36,540,2.0
36,558,5.0
36,592,1.5
36,598,1.0
36,625,5.0
36,643,2.0
36,657,3.0
36,689,3.0
36,708,1.0
36,719,5.0
36,739,5.0
36,746,3.0
36,764,1.0
36,771,3.0
36,778,2.0
36,802,2.0
36,804,5.0
36,855,4.0
36,898,5.0
36,914,1.0
36,922,1.0
36,958,2.0
36,977,5.0
36,998,1.0
37,55,3.0
37,72,5.0
37,84,1.0
37,105,3.0
37,112,2.0
37,115,5.0
37,156,4.0
37,162,4.0
37,203,4.0
37,206,3.0
37,220,3.0
37,247,2.0
37,265,1.0
37,308,3.0
37,315,3.0
37,356,2.0
37,363,2.0
37,367,1.0
37,375,5.0
37,387,1.0
37,391,2.0
37,424,3.0
37,433,1.0
37,454,2.0
37,456,3.0
37,527,5.0
37,558,2.0
37,576,1.0
37,587,2.0
37,591,3.0
37,598,1.0
37,615,5.0
37,638,1.0
37,662,5.0
37,698,4.0
37,710,3.0
37,742,1.0
37,758,5.0
37,767,3.0
37,804,2.0
37,827,2.0
37,892,2.0
37,904,5.0
37,906,4.0
37,913,5.0
37,983,5.0
37,986,5.0
37,987,5.0
37,991,2.0
38,0,4.0
38,6,5.0
38,18,4.0
38,35,4.0
38,56,2.0
38,67,3.0
38,92,3.0
38,96,4.0
38,107,4.0
38,138,2.0
38,157,1.0
38,161,3.0
38,200,1.0
38,209,4.0
38,278,3.0
38,313,3.0
38,327,2.0
38,334,1.0
38,344,2.0
38,383,1.0
38,393,5.0
38,401,1.0
38,407,5.0
38,413,3.0
38,424,2.0
38,449,4.0
38,463,1.0
38,496,2.0
38,516,2.0
38,529,3.0
38,556,4.0
38,558,3.0
38,585,3.0
38,591,1.0
38,606,1.0
38,664,5.0
38,673,4.0
38,691,5.0
38,701,1.0
38,717,5.0
38,729,2.0
38,767,5.0
38,778,5.0
38,789,2.0
38,793,4.0
38,848,1.0
38,851,3.0
38,857,2.0
38,889,1.0
38,898,2.0
38,938,5.0
38,960,2.0
38,962,4.0
38,973,2.0
38,990,1.0
39,30,2.0
39,33,3.0
39,48,2.0
39,55,3.0
39,73,4.0
39,92,4.0
39,95,4.0
39,103,3.0
39,177,3.0
39,207,1.0
39,317,3.0
39,326,1.0
39,329,5.0
39,334,1.0
39,351,1.0
39,354,5.0
39,363,1.0
39,366,3.0
39,379,3.0
39,382,2.0
39,390,4.0
39,399,2.0
39,411,1.0
39,413,2.0
39,470,2.0
39,506,3.0
39,529,1.0
39,536,4.0
39,546,4.0
39,554,1.0
39,562,4.0
39,563,3.0
39,564,3.0
39,572,1.0
39,590,2.0
39,593,2.0
39,617,1.0
39,621,4.0
39,634,4.0
39,641,1.0
39,700,2.0
39,731,3.0
39,747,2.0
39,836,3.0
39,837,3.0
39,838,4.0
39,857,2.0
39,868,4.0
39,882,1.0
39,898,3.0
39,920,5.0
39,953,2.0
39,956,1.0
39,962,1.0
39,966,1.0
40,0,3.0
40,56,4.0
40,59,5.0
40,78,1.0
40,94,4.0
40,174,3.0
40,176,5.0
40,206,3.0
40,283,5.0
40,353,1.0
40,355,5.0
40,400,3.0
40,411,2.0
40,441,4.0
40,457,3.0
40,470,1.0
40,471,1.0
40,502,5.0
40,508,1.0
40,522,5.0
40,523,2.0
40,533,3.0
40,549,5.0
40,586,4.0
40,641,2.0
40,651,1.0
40,662,5.0
40,669,1.0
40,675,2.0
40,687,2.0
40,741,2.0
40,770,1.0
40,787,5.0
40,793,5.0
40,800,4.0
40,814,1.0
40,835,2.0
40,857,4.0
40,886,3.0
40,904,3.0
40,919,1.0
40,921,5.0
40,922,4.0
40,938,5.0
40,942,3.0
40,947,2.0
40,996,5.0
41,6,2.0
41,30,3.0
41,57,1.0
41,67,2.0
41,70,4.0
41,80,2.0
41,100,5.0
41,122,3.0
41,161,2.0
41,164,4.0
41,204,4.0
41,213,3.0
41,238,4.0
41,245,3.0
41,246,3.0
41,270,5.0
41,279,3.0
41,312,3.0
41,325,2.0
41,366,1.0
41,372,2.0
41,409,2.0
41,441,2.0
41,481,5.0
41,488,3.0
41,493,4.0
41,504,5.0
41,537,2.0
41,545,4.0
41,609,5.0
41,610,5.0
41,629,5.0
41,651,2.0
41,669,4.0
41,686,2.0
41,729,2.0
41,762,5.0
41,784,1.0
41,794,2.0
41,805,3.0
41,816,2.0
41,844,3.0
41,870,1.0
41,910,5.0
41,911,3.0
41,935,5.0
41,941,3.0
41,951,2.0
41,971,2.0
42,53,2.0
42,65,5.0
42,80,4.0
42,84,2.0
42,94,2.0
42,140,1.0
42,232,5.0
42,245,2.0
42,254,3.0
42,277,5.0
42,297,3.0
42,313,2.0
42,363,4.0
42,376,1.0
42,419,5.0
42,434,1.0
42,438,2.0
42,448,3.0
42,450,1.0
42,456,3.0
42,469,4.0
42,484,4.0
42,494,5.0
42,499,1.0
42,514,4.0
42,553,5.0
42,599,4.0
42,609,1.0
42,649,3.0
42,675,4.0
42,681,3.0
42,717,5.0
42,722,4.0
42,727,3.0
42,738,2.0
42,751,3.0
42,812,1.0
42,854,3.0
42,868,2.0
42,874,4.0
42,897,4.0
42,913,4.0
42,996,1.0
43,11,5.0
43,12,3.0
43,13,2.0
43,16,4.0
43,24,3.0
43,84,3.0
43,90,2.0
43,183,2.0
43,185,2.0
43,297,2.0
43,340,1.0
43,418,5.0
43,428,4.0
43,484,4.0
43,508,5.0
43,521,1.0
43,528,5.0
43,550,5.0
43,572,2.0
43,581,3.0
43,605,1.0
43,656,1.0
43,760,4.0
43,790,4.0
43,803,5.0
43,807,5.0
43,836,3.0
43,847,5.0
43,848,3.0
43,853,5.0
43,893,2.0
43,914,4.5
43,921,5.0
43,949,2.0
43,976,2.0
44,5,5.0
44,54,4.0
44,69,4.0
44,78,3.0
44,110,3.0
44,136,1.0
44,168,5.0
44,182,4.0
44,188,3.0
44,233,5.0
44,252,3.0
44,257,3.0
44,315,2.0
44,322,4.0
44,339,2.0
44,342,2.0
44,350,3.0
44,364,1.0
44,433,5.0
44,437,1.0
44,438,5.0
44,509,3.0
44,517,1.0
44,518,5.0
44,521,4.0
44,567,2.0
44,582,2.0
44,621,5.0
44,628,4.0
44,652,1.0
44,657,3.0
44,670,1.0
44,732,5.0
44,760,5.0
44,764,1.0
44,820,4.0
44,824,1.0
44,835,3.0
44,836,4.0
44,838,1.0
44,882,3.0
44,929,5.0
44,936,5.0
44,954,2.0
44,982,1.0
45,4,4.0
45,18,4.0
45,41,1.0
45,105,5.0
45,107,1.0
45,133,1.0
45,142,2.0
45,149,2.0
45,165,1.0
45,183,2.0
45,218,5.0
45,231,3.0
45,244,1.0
45,283,5.0
45,294,3.0
45,307,2.0
45,329,3.0
45,333,5.0
45,344,3.0
45,366,1.0
45,383,3.0
45,438,4.0
45,440,2.0
45,445,4.0
45,452,1.0
45,458,5.0
45,502,4.0
45,512,3.0
45,515,3.0
45,521,3.0
45,529,2.0
45,564,5.0
45,579,3.0
45,640,2.0
45,666,3.0
45,719,2.0
45,760,5.0
45,784,2.0
45,787,3.0
45,797,3.0
45,825,2.0
45,833,2.0
45,835,5.0
45,863,3.0
45,905,3.0
45,914,2.0
45,919,3.0
45,950,3.0
45,971,3.0
46,7,1.0
46,12,4.0
46,51,4.0
46,102,5.0
46,129,4.0
46,176,5.0
46,177,5.0
46,179,5.0
46,203,5.0
46,214,5.0
46,236,1.0
46,242,4.0
46,270,3.0
46,285,3.0
46,305,4.0
46,325,5.0
46,326,1.0
46,330,5.0
46,363,1.0
46,368,3.0
46,389,5.0
46,423,2.0
46,426,5.0
46,427,2.0
46,432,4.0
46,446,1.0
46,479,3.0
46,487,4.0
46,493,5.0
46,513,3.0
46,521,3.0
46,606,3.0
46,615,1.0
46,626,5.0
46,628,2.0
46,674,3.0
46,677,4.0
46,689,5.0
46,695,1.0
46,784,4.0
46,819,4.0
46,843,4.0
46,861,3.0
46,873,4.0
46,893,3.0
46,911,1.0
46,935,3.0
46,972,2.0
47,10,2.0
47,20,2.5
47,27,5.0
47,75,1.0
47,81,2.0
47,96,2.0
47,105,1.0
47,106,1.0
47,116,4.0
47,119,3.0
47,122,4.0
47,125,4.0
47,130,1.0
47,133,5.0
47,151,5.0
47,170,2.0
47,176,3.0
47,191,1.0
47,197,1.0
47,218,2.0
47,221,1.0
47,269,3.0
47,308,5.0
47,364,5.0
47,392,3.0
47,411,1.0
47,415,4.0
47,424,5.0
47,438,5.0
47,444,1.0
47,449,1.0
47,469,1.0
47,486,3.0
47,492,4.0
47,525,3.0
47,527,2.0
47,530,4.0
47,531,4.0
47,547,5.0
47,554,4.0
47,590,1.0
47,596,4.0
47,606,5.0
47,610,5.0
47,614,2.0
47,617,3.0
47,638,2.0
47,654,5.0
47,676,2.0
47,701,3.0
47,723,2.5
47,753,4.0
47,771,1.0
47,776,5.0
47,797,3.0
47,821,1.0
47,836,2.0
47,845,3.0
47,852,4.0
47,856,4.0
47,864,5.0
47,887,2.0
47,892,3.0
47,931,1.0
47,975,2.0
48,53,4.0
48,74,2.0
48,78,3.0
48,128,1.0
48,138,1.0
48,145,4.0
48,160,2.0
48,167,3.0
48,169,4.0
48,170,3.5
48,242,3.0
48,278,3.0
48,299,4.0
48,300,1.0
48,329,5.0
48,375,2.0
48,386,4.0
48,388,2.0
48,441,3.0
48,462,3.0
48,479,1.0
48,491,2.0
48,493,1.0
48,536,4.0
48,547,3.0
48,553,4.0
48,576,4.0
48,595,5.0
48,600,4.0
48,621,5.0
48,626,5.0
48,651,5.0
48,698,5.0
48,711,1.0
48,734,4.0
48,751,5.0
48,784,2.0
48,824,5.0
48,832,3.0
48,836,3.0
48,857,1.0
48,870,3.0
48,904,4.0
48,911,1.0
48,947,3.0
48,954,3.0
49,11,1.0
49,15,3.0
49,49,4.0
49,84,5.0
49,109,2.0
49,118,4.0
49,163,4.0
49,168,3.0
49,176,1.0
49,178,3.0
49,180,2.0
49,184,5.0
49,190,5.0
49,192,2.0
49,205,5.0
49,236,3.0
49,244,4.0
49,270,3.0
49,283,2.0
49,308,3.0
49,329,5.0
49,330,2.0
49,332,2.0
49,390,4.0
49,393,4.0
49,437,4.0
49,441,5.0
49,463,5.0
49,505,5.0
49,541,1.0
49,574,2.0
49,599,4.0
49,605,3.0
49,670,2.0
49,671,2.0
49,719,1.0
49,779,3.0
49,799,2.0
49,838,3.0
49,851,2.0
49,858,2.0
49,864,5.0
49,871,2.5
49,881,1.0
49,903,1.0
49,914,2.0
49,928,2.0
49,929,3.0
49,932,1.0
49,933,4.0
49,938,2.0
49,952,3.0
49,980,3.0
50,0,3.0
50,12,4.0
50,46,2.0
50,49,2.0
50,89,4.0
50,134,4.0
50,165,1.0
50,177,3.0
50,187,4.0
50,195,2.0
50,205,2.0
50,226,5.0
50,281,3.0
50,297,4.0
50,304,4.0
50,373,3.0
50,379,5.0
50,416,4.0
50,420,1.0
50,451,1.0
50,468,4.0
50,501,3.0
50,535,3.0
50,539,1.0
50,579,2.0
50,627,4.0
50,638,2.0
50,674,3.0
50,685,4.0
50,731,1.0
50,732,2.0
50,757,2.5
50,760,3.0
50,786,3.0
50,791,4.0
50,796,2.0
50,803,3.0
50,819,3.0
50,862,2.0
50,888,3.0
50,928,4.0
50,961,3.0
51,26,2.0
51,57,1.0
51,77,5.0
51,78,4.0
51,93,2.0
51,113,1.0
51,137,3.0
51,154,5.0
51,196,2.0
51,221,5.0
51,249,1.0
51,250,3.0
51,258,1.0
51,270,5.0
51,293,4.0
51,307,1.0
51,330,4.0
51,335,5.0
51,354,1.0
51,418,4.0
51,425,4.0
51,430,1.0
51,442,4.0
51,443,1.0
51,444,5.0
51,445,1.0
51,447,2.0
51,458,2.0
51,460,5.0
51,464,4.0
51,471,1.0
51,478,3.0
51,484,2.0
51,492,4.0
51,493,3.0
51,494,3.0
51,515,2.0
51,543,4.0
51,548,5.0
51,550,3.0
51,556,5.0
51,559,3.0
51,584,1.0
51,605,3.0
51,617,1.0
51,629,1.0
51,690,1.0
51,698,1.0
51,701,4.0
51,707,2.0
51,715,3.0
51,719,3.0
51,735,4.0
51,745,1.0
51,779,4.0
51,860,3.0
51,886,3.0
51,887,3.0
51,961,1.0
51,998,4.0
52,39,4.0
52,42,4.0
52,50,4.0
52,97,4.0
52,110,5.0
52,182,4.0
52,228,2.0
52,231,5.0
52,307,3.0
52,310,2.0
52,320,1.0
52,354,3.0
52,401,5.0
52,475,4.0
52,478,5.0
52,483,5.0
52,490,5.0
52,492,1.0
52,495,5.0
52,522,2.0
52,541,5.0
52,546,2.0
52,560,4.0
52,573,5.0
52,575,2.0
52,659,5.0
52,664,3.0
52,717,3.0
52,721,1.0
52,732,3.0
52,753,1.0
52,762,5.0
52,880,3.0
52,888,3.0
52,890,2.0
52,896,1.0
52,907,2.0
52,914,1.0
52,924,1.0
52,927,5.0
52,942,3.0
52,980,4.0
53,75,1.0
53,81,1.0
53,82,5.0
53,143,2.0
53,164,3.0
53,187,3.0
53,196,4.0
53,213,4.0
53,216,1.0
53,217,5.0
53,240,5.0
53,275,2.0
53,310,4.0
53,342,1.0
53,347,3.0
53,357,4.0
53,366,2.0
53,367,4.0
53,370,5.0
53,371,2.0
53,386,1.0
53,392,2.0
53,395,3.0
53,414,5.0
53,435,4.0
53,451,1.0
53,481,5.0
53,499,1.0
53,536,2.0
53,556,4.0
53,587,3.0
53,610,2.0
53,633,1.0
53,638,4.0
53,687,1.0
53,688,4.0
53,709,3.0
53,780,3.0
53,782,2.0
53,783,4.0
53,845,3.0
53,884,1.0
53,896,2.0
53,908,4.0
53,922,5.0
53,928,1.0
53,966,5.0
53,972,4.0
54,3,1.0
54,17,2.0
54,37,4.0
54,68,4.0
54,86,2.0
54,90,3.0
54,116,5.0
54,173,4.0
54,174,5.0
54,183,3.0
54,206,2.0
54,224,5.0
54,236,3.5
54,250,2.0
54,258,2.0
54,314,2.0
54,330,2.0
54,368,5.0
54,388,5.0
54,411,5.0
54,413,3.0
54,430,5.0
54,436,5.0
54,437,2.0
54,489,5.0
54,524,2.5
54,533,5.0
54,573,3.0
54,587,5.0
54,610,1.0
54,617,1.0
54,620,2.0
54,641,2.0
54,649,5.0
54,740,2.0
54,788,4.0
54,790,4.0
54,852,5.0
54,866,5.0
54,894,1.0
54,910,2.0
54,913,1.0
54,914,4.0
54,929,1.0
54,937,3.0
54,944,2.0
54,951,3.0
54,972,5.0
54,977,5.0
54,981,2.0
54,997,3.0
55,11,3.0
55,25,5.0
55,47,5.0
55,78,3.0
55,92,2.0
55,100,5.0
55,102,2.0
55,115,4.0
55,121,4.0
55,174,4.0
55,175,4.0
55,180,1.0
55,213,5.0
55,255,1.0
55,272,1.0
55,283,2.0
55,292,1.0
55,303,4.0
55,351,3.0
55,464,1.0
55,466,4.0
55,478,1.0
55,497,1.0
55,498,5.0
55,502,3.0
55,539,3.0
55,566,3.0
55,572,2.0
55,577,1.0
55,586,2.0
55,608,2.0
55,609,1.0
55,613,5.0
55,618,5.0
55,623,4.0
55,645,1.0
55,691,5.0
55,711,4.0
55,716,4.0
55,727,5.0
55,851,3.0
55,881,2.0
55,891,5.0
55,893,3.0
55,936,3.0
55,955,5.0
55,976,3.0
55,991,3.0
55,998,3.0
56,41,3.0
56,87,3.0
56,100,3.0
56,108,2.0
56,188,2.0
56,202,3.0
56,227,5.0
56,246,5.0
56,250,2.0
56,275,3.0
56,285,4.0
56,297,3.0
56,332,5.0
56,363,4.0
56,369,1.0
56,383,5.0
56,385,1.0
56,409,4.0
56,420,4.0
56,423,3.0
56,529,1.0
56,550,4.0
56,571,4.0
56,575,1.0
56,614,5.0
56,635,2.0
56,675,4.0
56,695,3.0
56,711,5.0
56,713,5.0
56,731,1.0
56,784,2.0
56,833,2.0
56,842,3.0
56,849,3.0
56,880,2.0
56,905,4.0
56,931,4.0
56,937,3.0
56,939,3.0
56,970,2.0
56,989,3.0
56,990,3.0
57,39,4.0
57,44,1.0
57,69,2.0
57,74,3.0
57,96,5.0
57,107,5.0
57,113,3.0
57,145,4.0
57,193,2.0
57,195,1.0
57,260,5.0
57,336,3.0
57,381,5.0
57,414,2.0
57,419,1.0
57,432,5.0
57,434,1.0
57,458,2.0
57,477,1.0
57,510,4.0
57,520,3.0
57,546,2.0
57,575,1.0
57,649,1.0
57,653,5.0
57,663,2.0
57,684,4.0
57,696,2.0
57,721,5.0
57,737,5.0
57,816,1.0
57,825,5.0
57,831,4.0
57,843,5.0
57,847,5.0
57,850,4.0
57,860,1.0
57,865,4.0
57,880,2.0
57,892,1.0
57,894,4.0
57,912,1.0
57,927,3.0
57,928,4.0
57,941,1.0
57,945,1.0
57,959,4.0
57,987,1.0
58,17,5.0
58,27,3.0
58,34,1.0
58,45,4.0
58,58,5.0
58,64,3.0
58,72,4.0
58,80,1.0
58,83,3.0
58,98,5.0
58,128,1.0
58,143,2.0
58,160,3.0
58,165,3.0
58,179,5.0
58,188,5.0
58,191,2.0
58,206,1.0
58,257,1.0
58,265,2.0
58,280,2.0
58,284,1.0
58,290,3.0
58,320,5.0
58,324,1.0
58,326,1.0
58,346,1.0
58,366,5.0
58,372,1.0
58,444,5.0
58,453,4.0
58,479,3.0
58,495,5.0
58,539,3.0
58,561,3.0
58,578,4.0
58,591,2.0
58,653,4.0
58,659,5.0
58,676,1.0
58,694,4.0
58,704,1.0
58,724,2.0
58,767,4.0
58,787,5.0
58,824,1.0
58,874,2.0
58,913,2.0
58,950,1.0
58,991,3.0
59,2,2.0
59,18,1.0
59,43,3.0
59,44,3.0
59,45,1.0
59,89,2.0
59,104,1.0
59,121,3.0
59,122,5.0
59,124,4.0
59,128,1.0
59,175,4.0
59,245,2.0
59,246,4.0
59,250,4.0
59,257,3.0
59,287,3.0
59,336,4.0
59,339,3.0
59,349,4.5
59,357,1.0
59,362,1.0
59,371,1.0
59,379,4.0
59,411,3.0
59,473,1.0
59,478,2.0
59,481,1.0
59,497,1.0
59,499,4.0
59,529,1.0
59,531,2.0
59,541,5.0
59,547,2.0
59,550,2.0
59,578,5.0
59,585,2.0
59,589,4.0
59,598,2.0
59,646,4.0
59,655,1.0
59,662,2.0
59,667,5.0
59,675,2.0
59,746,5.0
59,786,1.0
59,821,5.0
59,829,5.0
59,848,5.0
59,853,5.0
59,890,4.0
59,922,4.0
59,949,3.0
59,952,3.0
59,987,4.0
60,24,3.0
60,30,1.0
60,55,1.0
60,57,1.0
60,67,1.0
60,69,4.0
60,89,3.0
60,114,5.0
60,116,4.0
60,124,5.0
60,127,4.0
60,163,2.5
60,165,2.0
60,175,3.0
60,188,3.0
60,214,4.0
60,238,2.0
60,252,1.0
60,257,3.0
60,267,3.0
60,332,5.0
60,335,1.0
60,415,2.0
60,438,3.0
60,440,5.0
60,444,2.0
60,463,3.0
60,465,2.0
60,466,1.0
60,474,1.0
60,495,1.0
60,533,1.0
60,545,2.0
60,560,1.0
60,587,5.0
60,598,5.0
60,601,4.0
60,626,2.0
60,648,5.0
60,662,5.0
60,673,4.0
60,725,4.5
60,747,4.0
60,760,2.0
60,798,3.0
60,801,4.0
60,812,5.0
60,818,1.0
60,847,4.0
60,848,3.0
60,894,5.0
60,918,3.0
60,920,2.0
60,947,4.0
60,954,5.0
60,964,2.0
60,974,5.0
60,988,3.0
61,1,2.0
61,5,1.0
61,9,4.0
61,13,5.0
61,67,5.0
61,86,5.0
61,89,3.0
61,131,5.0
61,148,5.0
61,203,4.0
61,225,5.0
61,228,2.0
61,242,1.0
61,270,2.0
61,306,4.0
61,308,4.0
61,321,2.0
61,334,5.0
61,346,3.0
61,380,4.0
61,397,4.0
61,408,1.0
61,523,5.0
61,545,2.0
61,614,4.0
61,650,2.0
61,677,3.0
61,789,1.0
61,799,3.0
61,803,4.0
61,805,4.0
61,824,3.0
61,838,3.0
61,842,4.0
61,846,1.0
61,851,3.0
61,880,4.0
61,881,4.0
61,886,1.0
61,888,5.0
61,891,3.0
61,919,1.0
61,944,2.0
61,969,3.0
61,970,4.0
62,50,1.0
62,58,2.0
62,59,4.0
62,86,2.0
62,113,5.0
62,128,5.0
62,149,1.0
62,178,1.0
62,184,1.0
62,186,2.0
62,189,2.0
62,193,5.0
62,195,4.0
62,199,1.0
62,246,5.0
62,257,4.0
62,278,4.0
62,301,1.0
62,314,3.0
62,324,3.0
62,342,1.0
62,365,2.0
62,374,3.0
62,382,5.0
62,394,5.0
62,442,2.0
62,449,2.0
62,489,1.0
62,510,5.0
62,515,4.0
62,522,1.0
62,523,3.0
62,528,1.0
62,529,2.0
62,536,5.0
62,559,2.0
62,579,1.0
62,585,3.0
62,606,4.0
62,615,5.0
62,627,3.0
62,633,1.0
62,655,2.5
62,684,4.0
62,720,3.0
62,731,1.5
62,764,3.0
62,778,3.0
62,804,5.0
62,876,4.0
62,896,4.0
62,918,4.0
62,922,1.0
62,925,2.0
62,927,1.0
62,936,4.0
62,937,5.0
62,945,5.0
62,957,3.0
62,959,3.0
62,985,2.0
63,25,1.0
63,35,4.0
63,52,5.0
63,70,3.0
63,72,2.0
63,83,1.0
63,85,5.0
63,91,5.0
63,100,4.0
63,102,4.0
63,127,2.0
63,144,1.0
63,181,4.0
63,182,3.0
63,186,1.0
63,216,3.0
63,218,4.0
63,236,5.0
63,266,1.0
63,287,3.0
63,316,5.0
63,355,4.0
63,356,2.0
63,361,3.0
63,366,3.0
63,385,1.0
63,461,3.0
63,502,5.0
63,511,1.0
63,512,4.0
63,518,4.0
63,525,3.0
63,537,5.0
63,545,3.0
63,583,2.0
63,611,4.0
63,628,4.0
63,633,3.0
63,636,4.0
63,650,5.0
63,698,4.0
63,727,4.0
63,744,3.0
63,775,2.0
63,780,3.0
63,782,5.0
63,809,3.0
63,861,1.0
63,870,2.0
63,873,5.0
63,878,5.0
63,882,5.0
63,911,2.0
63,928,4.0
63,999,2.0
64,2,1.0
64,7,1.0
64,19,1.0
64,42,1.0
64,68,5.0
64,107,3.0
64,112,1.0
64,120,3.0
64,148,3.0
64,170,1.0
64,206,3.0
64,220,5.0
64,235,4.0
64,282,1.0
64,287,1.0
64,303,1.0
64,311,5.0
64,338,3.0
64,339,1.0
64,451,3.0
64,513,3.0
64,518,1.0
64,531,5.0
64,555,3.0
64,597,1.0
64,619,2.5
64,676,5.0
64,693,5.0
64,702,1.5
64,703,4.0
64,714,2.0
64,730,3.0
64,740,4.0
64,773,2.0
64,777,2.0
64,788,3.0
64,806,1.5
64,847,5.0
64,870,3.0
64,894,5.0
64,938,3.0
64,943,2.0
64,974,4.0
65,24,5.0
65,53,1.0
65,54,1.0
65,63,5.0
65,77,5.0
65,85,1.0
65,143,3.0
65,161,3.0
65,170,2.0
65,213,3.0
65,271,5.0
65,286,1.0
65,305,2.0
65,314,5.0
65,325,2.0
65,338,2.0
65,342,4.0
65,354,5.0
65,383,4.0
65,435,4.0
65,438,3.0
65,473,4.0
65,500,1.0
65,508,5.0
65,541,1.0
65,556,3.0
65,573,2.0
65,625,5.0
65,671,1.0
65,687,2.0
65,719,1.0
65,755,3.0
65,760,5.0
65,804,4.0
65,813,2.0
65,831,2.0
65,854,1.0
65,858,4.0
65,863,3.0
65,892,3.0
65,896,4.0
65,911,1.0
65,916,3.0
65,972,1.0
65,973,2.0
66,38,4.0
66,68,2.0
66,96,3.0
66,122,1.0
66,158,5.0
66,167,1.0
66,170,3.0
66,214,3.0
66,235,4.0
66,236,1.0
66,250,4.0
66,262,1.0
66,272,2.5
66,273,2.0
66,293,2.0
66,309,4.0
66,324,3.0
66,374,5.0
66,377,5.0
66,419,5.0
66,447,4.0
66,471,5.0
66,491,3.0
66,507,4.0
66,518,5.0
66,555,3.0
66,597,1.0
66,602,5.0
66,608,3.0
66,637,4.0
66,651,1.0
66,657,3.0
66,687,5.0
66,729,5.0
66,735,4.0
66,743,4.0
66,745,1.0
66,748,1.0
66,782,1.0
66,862,3.0
66,934,3.0
66,951,2.0
66,959,4.0
66,968,2.0
66,996,1.0
67,55,4.0
67,56,5.0
67,65,3.0
67,91,2.0
67,104,3.0
67,154,4.0
67,155,1.0
67,167,5.0
67,172,5.0
67,189,2.0
67,191,4.0
67,220,4.0
67,231,5.0
67,263,1.0
67,264,4.0
67,268,2.0
67,288,5.0
67,292,2.0
67,306,1.0
67,371,4.0
67,373,1.0
67,395,5.0
67,431,1.0
67,432,1.0
67,434,4.0
67,440,4.0
67,454,2.0
67,470,5.0
67,478,3.0
67,501,2.0
67,533,1.0
67,535,1.0
67,565,2.0
67,578,5.0
67,633,3.0
67,692,1.0
67,743,4.0
67,807,2.0
67,833,4.0
67,860,2.0
67,863,4.0
67,884,5.0
67,898,3.0
67,946,2.0
67,993,2.0
68,34,4.0
68,48,5.0
68,57,3.0
68,95,4.0
68,106,2.0
68,136,4.0
68,137,2.0
68,183,1.0
68,205,5.0
68,257,3.0
68,264,2.0
68,281,3.0
68,284,3.0
68,305,2.0
68,309,1.0
68,310,1.0
68,342,3.0
68,343,5.0
68,357,4.0
68,365,1.0
68,410,1.0
68,428,4.0
68,438,5.0
68,439,5.0
68,440,4.0
68,449,5.0
68,524,1.0
68,526,1.0
68,527,1.0
68,540,2.0
68,549,1.0
68,574,2.0
68,577,2.0
68,583,3.0
68,587,5.0
68,593,1.0
68,607,1.0
68,611,1.0
68,614,2.5
68,618,2.0
68,620,4.0
68,652,2.0
68,677,1.0
68,683,2.0
68,718,4.0
68,727,1.0
68,742,1.0
68,747,3.0
68,769,1.0
68,847,5.0
68,896,2.0
68,915,4.0
68,967,3.0
68,984,3.0
68,985,1.0
69,46,4.0
69,51,1.0
69,52,3.0
69,57,5.0
69,70,1.0
69,74,3.0
69,87,4.0
69,111,5.0
69,116,4.0
69,122,4.0
69,132,2.0
69,179,3.0
69,184,2.0
69,193,5.0
69,197,3.0
69,237,2.0
69,252,2.0
69,263,3.0
69,275,4.0
69,280,1.0
69,313,5.0
69,324,3.0
69,339,4.0
69,342,3.0
69,354,5.0
69,403,4.0
69,405,1.0
69,432,2.0
69,433,5.0
69,489,3.0
69,497,3.0
69,519,2.0
69,545,5.0
69,550,1.0
69,558,4.0
69,570,5.0
69,580,3.0
69,682,4.0
69,699,2.0
69,701,1.0
69,703,5.0
69,725,5.0
69,757,5.0
69,856,2.0
69,857,4.0
69,861,2.0
69,863,1.0
69,906,2.0
70,3,2.0
70,70,3.0
70,72,3.0
70,121,2.0
70,128,4.0
70,145,4.0
70,160,2.0
70,186,2.0
70,207,1.0
70,236,5.0
70,264,4.0
70,291,2.0
70,293,2.0
70,303,5.0
70,316,1.0
70,332,5.0
70,350,4.0
70,354,1.0
70,356,5.0
70,367,3.0
70,368,5.0
70,423,3.0
70,437,2.0
70,494,2.0
70,520,1.0
70,535,4.0
70,551,5.0
70,553,1.0
70,581,1.0
70,603,5.0
70,648,5.0
70,670,5.0
70,696,1.0
70,699,5.0
70,715,5.0
70,720,2.0
70,749,3.0
70,754,1.0
70,796,5.0
70,827,5.0
70,889,5.0
70,894,1.0
70,907,2.0
70,916,3.5
70,932,5.0
70,946,4.0
70,947,3.0
70,962,5.0
70,964,1.0
71,42,3.0
71,62,4.0
71,64,2.0
71,79,4.0
71,101,5.0
71,198,3.0
71,259,1.0
71,310,1.0
71,337,3.0
71,342,1.0
71,349,3.0
71,356,5.0
71,478,1.0
71,501,2.0
71,524,1.0
71,533,4.0
71,589,3.0
71,593,5.0
71,674,5.0
71,684,3.0
71,712,4.0
71,849,5.0
71,854,1.0
71,879,5.0
71,890,3.0
71,899,3.0
71,901,1.0
71,924,3.0
71,941,5.0
71,969,5.0
71,990,5.0
71,991,2.0
72,9,5.0
72,15,5.0
72,20,5.0
72,21,4.0
72,104,5.0
72,125,5.0
72,134,3.0
72,136,3.0
72,151,5.0
72,153,3.0
72,159,1.0
72,169,1.0
72,174,3.0
72,178,2.0
72,180,1.0
72,191,3.0
72,194,4.0
72,208,2.0
72,232,2.0
72,237,3.0
72,270,1.0
72,335,3.0
72,365,5.0
72,386,5.0
72,421,5.0
72,427,4.0
72,479,2.0
72,486,2.0
72,519,1.0
72,556,2.0
72,570,1.0
72,621,2.0
72,662,2.0
72,708,5.0
72,751,1.0
72,752,2.0
72,761,2.0
72,789,5.0
72,816,1.0
72,829,3.0
72,844,4.0
72,883,4.0
72,888,3.0
72,901,2.0
72,923,2.0
72,964,5.0
72,969,1.0
73,23,3.0
73,41,5.0
73,48,5.0
73,120,5.0
73,153,3.0
73,155,5.0
73,192,2.0
73,209,5.0
73,220,4.0
73,223,5.0
73,238,3.0
73,254,5.0
73,267,4.0
73,286,3.0
73,288,2.0
73,301,1.0
73,313,3.0
73,330,1.0
73,344,4.0
73,367,5.0
73,389,1.0
73,403,1.0
73,422,1.0
73,484,5.0
73,537,2.0
73,539,5.0
73,552,2.0
73,565,1.0
73,587,1.0
73,590,3.0
73,614,3.0
73,668,3.0
73,702,3.0
73,777,3.0
73,792,5.0
73,807,5.0
73,810,4.0
73,817,4.0
73,839,2.0
73,854,3.0
73,878,4.0
73,883,5.0
73,886,5.0
73,893,4.0
73,919,2.0
73,966,1.0
74,9,5.0
74,10,3.0
74,12,3.0
74,57,1.0
74,62,2.0
74,64,1.0
74,75,2.0
74,109,3.0
74,112,2.0
74,198,4.0
74,217,2.0
74,252,1.0
74,278,2.0
74,288,2.0
74,372,5.0
74,404,5.0
74,406,3.0
74,421,4.0
74,437,2.0
74,447,2.0
74,463,3.0
74,529,1.0
74,539,4.0
74,566,1.0
74,608,4.0
74,629,5.0
74,667,3.0
74,698,5.0
74,708,1.0
74,717,3.0
74,720,1.0
74,730,1.0
74,753,4.0
74,762,1.0
74,791,4.0
74,833,1.5
74,834,5.0
74,841,4.0
74,859,5.0
74,885,3.0
74,892,2.0
74,958,2.0
74,959,5.0
74,966,2.0
74,994,4.0
75,13,5.0
75,44,5.0
75,55,3.0
75,64,2.0
75,71,5.0
75,111,2.0
75,125,4.0
75,132,2.0
75,192,3.0
75,206,4.0
75,218,5.0
75,225,4.0
75,255,1.0
75,283,4.0
75,314,1.0
75,366,1.0
75,367,2.0
75,377,1.0
75,378,4.0
75,408,2.0
75,424,4.0
75,437,3.0
75,466,2.0
75,480,5.0
75,510,2.0
75,519,4.0
75,533,4.0
75,540,3.0
75,555,1.0
75,586,5.0
75,593,3.0
75,600,1.0
75,605,1.0
75,631,2.0
75,659,5.0
75,660,4.0
75,661,2.0
75,687,5.0
75,700,5.0
75,712,4.0
75,719,3.0
75,723,5.0
75,729,2.0
75,731,4.0
75,737,3.0
75,761,4.0
75,765,1.0
75,795,4.0
75,797,4.0
75,871,2.0
75,902,2.0
75,911,5.0
75,919,5.0
75,930,5.0
75,941,3.0
75,974,5.0
76,1,5.0
76,12,5.0
76,24,1.0
76,34,5.0
76,38,1.0
76,43,2.0
76,63,3.0
76,82,4.0
76,125,4.0
76,135,5.0
76,168,3.0
76,181,2.0
76,223,1.0
76,238,1.0
76,259,3.0
76,277,1.0
76,280,1.0
76,286,2.0
76,288,4.0
76,309,3.0
76,326,2.0
76,340,5.0
76,359,1.0
76,401,1.0
76,420,2.0
76,421,2.0
76,441,4.0
76,495,1.0
76,522,4.0
76,523,4.0
76,566,4.0
76,642,4.0
76,719,3.0
76,741,1.0
76,742,4.0
76,757,5.0
76,764,2.0
76,765,1.0
76,780,3.0
76,796,4.0
76,824,2.0
76,896,3.0
76,925,1.0
77,81,2.0
77,150,2.0
77,200,4.0
77,224,5.0
77,266,1.0
77,277,2.0
77,296,2.0
77,323,5.0
77,344,4.0
77,347,5.0
77,354,1.0
77,389,1.0
77,439,4.0
77,443,3.0
77,459,3.0
77,473,3.0
77,504,4.0
77,517,5.0
77,560,4.0
77,594,1.0
77,619,3.0
77,628,2.0
77,665,4.0
77,670,3.0
77,687,1.0
77,725,2.0
77,757,3.0
77,827,2.0
77,908,1.0
77,920,1.0
77,937,4.0
77,940,2.0
77,946,1.0
77,971,4.0
77,980,3.0
77,988,3.0
78,36,1.0
78,75,3.0
78,91,1.0
78,101,1.0
78,110,3.0
78,117,1.0
78,140,5.0
78,145,2.0
78,160,4.0
78,270,2.0
78,328,3.0
78,335,2.0
78,348,5.0
78,365,3.0
78,367,4.0
78,403,4.0
78,407,3.0
78,418,5.0
78,445,1.0
78,448,1.0
78,483,1.0
78,505,1.0
78,507,1.0
78,527,2.0
78,613,1.0
78,633,5.0
78,667,3.0
78,675,1.0
78,678,5.0
78,692,1.0
78,727,3.0
78,769,2.0
78,782,3.0
78,810,3.0
78,821,2.0
78,831,3.0
78,849,3.0
78,853,3.0
78,861,2.0
78,877,2.0
78,903,1.0
78,914,5.0
78,928,1.0
78,939,3.5
78,963,4.0
79,15,3.0
79,61,4.0
79,128,5.0
79,141,1.0
79,183,4.0
79,219,4.0
79,236,2.0
79,259,2.0
79,277,2.0
79,335,2.5
79,348,4.0
79,371,2.0
79,473,2.0
79,476,1.0
79,529,1.0
79,536,5.0
79,537,3.0
79,546,2.0
79,677,2.0
79,678,1.0
79,700,1.0
79,711,1.0
79,719,5.0
79,724,2.0
79,790,2.0
79,794,5.0
79,815,3.0
79,826,1.0
79,842,4.0
79,845,3.0
79,850,1.0
79,854,2.0
79,896,5.0
79,917,3.0
79,935,4.0
79,937,1.0
79,938,4.0
79,969,4.0
80,13,2.0
80,31,4.0
80,44,1.0
80,58,1.0
80,61,5.0
80,140,4.5
80,142,1.0
80,187,1.0
80,196,1.0
80,292,1.0
80,354,1.0
80,385,3.0
80,417,3.0
80,428,5.0
80,452,4.0
80,454,5.0
80,470,2.0
80,485,4.0
80,491,5.0
80,526,4.0
80,543,4.0
80,548,3.0
80,562,2.0
80,576,1.0
80,610,2.0
80,662,4.0
80,688,4.0
80,721,1.0
80,772,2.0
80,803,4.0
80,848,3.0
80,870,2.0
80,872,2.0
80,908,3.0
80,961,4.0
81,1,3.0
81,6,2.0
81,7,3.0
81,17,2.0
81,28,5.0
81,98,4.0
81,121,3.0
81,123,5.0
81,126,1.0
81,180,5.0
81,181,2.0
81,210,1.0
81,224,1.0
81,229,2.0
81,246,5.0
81,269,3.0
81,321,1.0
81,324,2.0
81,343,4.0
81,354,1.0
81,422,1.0
81,447,2.0
81,458,5.0
81,463,3.0
81,532,1.0
81,544,1.0
81,562,2.0
81,607,4.0
81,617,5.0
81,682,2.0
81,706,3.0
81,713,4.0
81,737,5.0
81,760,3.0
81,762,1.0
81,783,4.0
81,789,2.0
81,790,3.0
81,826,1.0
81,829,1.0
81,921,1.0
81,989,4.0
82,0,2.0
82,14,4.0
82,44,1.0
82,78,5.0
82,118,3.0
82,143,4.0
82,178,5.0
82,181,2.0
82,187,4.0
82,190,4.0
82,215,1.0
82,216,3.0
82,227,1.0
82,231,5.0
82,237,5.0
82,240,4.0
82,241,1.0
82,248,1.0
82,255,4.0
82,307,2.0
82,317,5.0
82,348,4.0
82,380,3.0
82,396,5.0
82,398,4.0
82,402,1.0
82,404,4.0
82,439,2.0
82,443,5.0
82,466,1.0
82,491,4.0
82,528,5.0
82,545,1.0
82,579,2.0
82,585,5.0
82,601,2.0
82,608,5.0
82,643,4.0
82,699,5.0
82,726,2.0
82,751,4.0
82,757,2.0
82,775,5.0
82,802,2.0
82,808,2.0
82,815,4.0
82,816,2.0
82,837,1.0
82,844,5.0
82,848,2.0
82,849,1.0
82,853,5.0
82,890,1.0
82,916,5.0
82,990,2.0
83,1,4.0
83,20,2.0
83,48,5.0
83,73,3.0
83,97,3.0
83,100,5.0
83,147,2.0
83,176,4.0
83,190,4.0
83,264,4.0
83,298,5.0
83,377,2.0
83,383,1.0
83,391,4.0
83,432,4.0
83,446,1.0
83,461,1.0
83,470,2.0
83,471,2.5
83,546,3.0
83,614,5.0
83,617,4.0
83,641,5.0
83,652,2.0
83,678,1.0
83,781,1.0
83,797,2.0
83,803,3.0
83,831,1.0
83,833,5.0
83,898,3.0
83,903,2.0
83,911,1.0
83,983,5.0
84,18,4.0
84,27,1.0
84,86,5.0
84,89,4.0
84,114,4.0
84,117,5.0
84,125,5.0
84,128,3.0
84,178,5.0
84,188,3.0
84,204,4.0
84,214,4.0
84,248,1.0
84,359,5.0
84,377,3.0
84,410,2.0
84,463,4.0
84,481,1.0
84,487,4.0
84,497,2.0
84,508,3.0
84,510,1.0
84,513,1.0
84,521,2.0
84,528,3.0
84,530,2.0
84,546,3.0
84,557,2.0
84,611,2.5
84,619,5.0
84,633,5.0
84,711,4.0
84,715,2.0
84,743,2.0
84,763,4.0
84,776,3.0
84,799,2.0
84,805,1.0
84,830,4.0
84,833,4.0
84,854,1.0
84,884,2.5
84,904,4.0
84,922,1.0
84,940,5.0
84,944,4.0
84,959,2.0
84,967,2.0
84,980,2.0
85,14,3.0
85,51,3.0
85,63,3.0
85,81,2.0
85,84,5.0
85,88,1.0
85,97,2.0
85,111,2.0
85,115,5.0
85,119,2.0
85,125,2.0
85,129,2.0
85,180,2.0
85,197,5.0
85,201,4.0
85,273,5.0
85,275,2.0
85,282,4.0
85,326,4.0
85,329,3.0
85,334,5.0
85,360,4.0
85,362,5.0
85,367,4.0
85,400,3.0
85,421,3.0
85,440,4.0
85,477,3.0
85,490,5.0
85,498,4.0
85,503,2.0
85,553,1.0
85,585,1.0
85,596,4.0
85,600,1.0
85,628,4.0
85,630,1.0
85,677,1.0
85,768,5.0
85,798,3.0
85,837,5.0
85,888,4.0
85,893,4.0
85,899,4.0
85,910,4.0
85,916,4.0
86,15,2.0
86,55,2.0
86,56,4.0
86,91,1.0
86,92,5.0
86,149,5.0
86,157,2.0
86,158,1.0
86,221,1.0
86,231,4.0
86,234,5.0
86,253,1.0
86,268,3.0
86,274,5.0
86,287,2.0
86,299,4.0
86,306,5.0
86,324,1.0
86,333,2.0
86,334,5.0
86,346,4.0
86,354,1.0
86,365,4.0
86,382,1.0
86,386,3.0
86,406,5.0
86,415,2.0
86,428,4.0
86,450,4.0
86,470,2.0
86,508,5.0
86,515,4.0
86,528,5.0
86,579,3.0
86,583,2.0
86,586,1.0
86,598,3.5
86,656,4.0
86,667,1.0
86,685,5.0
86,697,1.0
86,739,5.0
86,767,1.0
86,830,3.0
86,846,5.0
86,867,1.0
86,918,3.0
86,919,4.0
86,925,4.0
86,929,2.0
86,942,3.0
86,947,5.0
86,953,4.0
86,958,2.0
86,965,2.0
86,995,4.0
86,998,4.0
87,38,5.0
87,48,1.0
87,50,1.0
87,89,1.0
87,107,4.0
87,108,2.0
87,111,4.0
87,133,4.0
87,163,1.0
87,186,5.0
87,192,4.0
87,194,2.0
87,210,3.0
87,232,3.0
87,234,2.0
87,236,1.0
87,238,4.0
87,272,3.0
87,295,2.0
87,328,2.0
87,333,3.0
87,347,4.0
87,380,5.0
87,386,4.0
87,392,3.0
87,414,2.0
87,427,1.0
87,452,2.0
87,459,1.0
87,502,4.0
87,507,3.0
87,527,1.0
87,565,1.0
87,569,5.0
87,604,4.0
87,610,1.0
87,644,2.0
87,657,2.0
87,659,2.0
87,685,5.0
87,751,2.0
87,766,4.0
87,785,3.0
87,807,2.0
87,829,2.0
87,845,3.0
87,859,5.0
87,867,1.0
87,893,2.5
87,920,3.0
87,924,2.0
87,945,5.0
87,946,1.0
87,972,3.0
88,16,5.0
88,26,2.0
88,58,5.0
88,76,5.0
88,93,5.0
88,116,1.0
88,127,2.0
88,131,5.0
88,171,4.0
88,192,2.0
88,193,5.0
88,199,4.0
88,315,4.0
88,331,4.0
88,337,1.0
88,339,4.0
88,386,2.0
88,399,1.0
88,427,5.0
88,431,2.0
88,472,1.0
88,481,3.0
88,507,5.0
88,534,4.0
88,552,2.0
88,580,1.0
88,617,1.0
88,629,4.0
88,639,3.0
88,645,1.5
88,660,2.0
88,662,4.0
88,673,5.0
88,697,1.0
88,703,3.0
88,727,3.0
88,732,4.0
88,831,1.0
88,836,4.0
88,865,5.0
88,901,4.0
88,903,4.0
88,907,2.0
88,926,5.0
88,932,5.0
88,948,5.0
88,973,2.0
88,975,2.0
89,49,2.0
89,72,1.0
89,114,5.0
89,139,5.0
89,160,2.0
89,203,1.0
89,234,2.0
89,258,1.0
89,278,3.0
89,307,5.0
89,309,4.0
89,313,1.0
89,316,5.0
89,334,2.0
89,364,2.0
89,395,3.0
89,410,3.0
89,420,3.0
89,430,3.0
89,431,5.0
89,439,5.0
89,467,3.0
89,498,5.0
89,518,4.0
89,573,5.0
89,616,1.0
89,621,2.0
89,630,3.5
89,652,4.0
89,690,3.0
89,692,2.0
89,698,1.0
89,725,2.0
89,733,3.5
89,752,5.0
89,795,2.0
89,808,4.0
89,827,1.0
89,847,2.0
89,857,5.0
89,878,5.0
89,943,2.0
89,955,2.0
89,959,3.0
89,969,5.0
89,985,3.0
89,987,2.0
89,999,4.0
90,5,2.0
90,12,5.0
90,16,5.0
90,28,1.0
90,71,4.0
90,75,5.0
90,123,4.0
90,145,2.0
90,184,1.0
90,190,2.0
90,194,4.0
90,207,5.0
90,210,5.0
90,246,1.0
90,272,1.0
90,297,5.0
90,320,2.0
90,321,2.0
90,323,4.0
90,383,2.0
90,389,5.0
90,421,4.0
90,468,5.0
90,479,3.0
90,480,5.0
90,493,5.0
90,498,5.0
90,508,5.0
90,522,4.0
90,530,5.0
90,532,5.0
90,562,2.0
90,574,4.0
90,581,3.0
90,582,3.0
90,585,3.0
90,604,1.0
90,613,1.0
90,639,3.0
90,651,5.0
90,681,3.0
90,686,5.0
90,694,4.0
90,708,4.0
90,734,1.0
90,767,4.0
90,776,1.0
90,791,2.0
90,832,3.0
90,845,4.0
90,850,1.0
90,888,4.0
90,917,3.0
90,938,2.0
90,973,1.0
90,984,4.0
90,987,2.0
91,13,5.0
91,18,4.0
91,38,4.0
91,106,3.0
91,110,3.0
91,116,5.0
91,131,5.0
91,219,1.0
91,225,3.0
91,295,5.0
91,301,2.0
91,354,5.0
91,374,1.0
91,385,5.0
91,431,2.0
91,458,3.0
91,476,3.0
91,481,3.0
91,490,2.0
91,494,5.0
91,557,1.0
91,559,2.0
91,629,5.0
91,665,4.0
91,692,4.0
91,696,3.0
91,725,5.0
91,730,5.0
91,774,2.0
91,793,1.0
91,796,1.0
91,813,1.0
91,835,3.0
91,852,3.0
91,955,5.0
91,978,1.0
92,0,1.0
92,3,3.0
92,6,3.0
92,17,4.0
92,43,1.0
92,51,2.0
92,66,5.0
92,71,1.0
92,108,2.0
92,111,4.5
92,127,3.0
92,136,3.0
92,137,4.0
92,196,2.0
92,200,1.0
92,206,3.0
92,211,5.0
92,225,5.0
92,272,4.0
92,291,1.0
92,308,5.0
92,327,3.0
92,329,2.0
92,427,4.0
92,445,4.0
92,463,2.0
92,465,5.0
92,485,4.0
92,491,1.0
92,498,3.0
92,500,4.0
92,525,1.0
92,575,4.0
92,612,5.0
92,614,5.0
92,623,5.0
92,634,2.0
92,637,4.0
92,644,2.0
92,654,2.0
92,660,4.0
92,672,3.0
92,680,3.0
92,706,4.0
92,736,2.0
92,761,4.0
92,770,3.0
92,788,1.0
92,815,3.0
92,824,3.0
92,825,5.0
92,831,4.0
92,858,3.0
92,876,4.0
92,892,1.0
92,924,3.0
92,931,1.0
92,942,4.0
92,993,1.0
93,8,2.5
93,29,2.0
93,53,2.0
93,81,3.0
93,127,3.0
93,129,3.0
93,134,2.0
93,146,1.0
93,163,3.0
93,181,2.0
93,208,5.0
93,212,4.0
93,216,3.0
93,223,4.0
93,235,3.0
93,236,5.0
93,256,1.0
93,276,2.0
93,305,2.0
93,395,4.0
93,413,1.0
93,419,4.0
93,456,3.0
93,457,5.0
93,467,4.0
93,484,3.0
93,508,2.0
93,557,3.0
93,571,1.0
93,577,1.0
93,583,1.0
93,603,2.0
93,607,2.0
93,620,2.0
93,630,5.0
93,663,3.0
93,684,2.0
93,687,2.0
93,691,3.0
93,710,4.0
93,727,1.0
93,790,5.0
93,802,4.0
93,808,3.0
93,813,1.0
93,822,2.0
93,852,4.0
93,887,1.0
93,913,2.0
93,983,3.0
93,985,4.0
93,989,5.0
93,999,1.0
94,148,3.0
94,209,5.0
94,216,3.0
94,286,2.0
94,295,5.0
94,298,5.0
94,316,4.0
94,356,3.0
94,375,2.0
94,423,4.0
94,425,1.0
94,445,3.0
94,462,4.0
94,470,2.0
94,477,3.0
94,486,4.0
94,499,2.0
94,514,4.0
94,524,5.0
94,543,2.0
94,570,3.0
94,572,4.0
94,606,1.0
94,638,1.0
94,649,1.0
94,654,5.0
94,658,4.0
94,682,2.0
94,695,4.0
94,701,2.0
94,716,4.0
94,756,4.0
94,757,3.0
94,775,2.0
94,779,3.0
94,807,4.0
94,818,5.0
94,845,4.0
94,857,2.0
94,876,2.0
94,887,4.0
94,893,2.0
94,972,2.0
94,983,5.0
95,5,4.5
95,67,3.0
95,70,2.0
95,100,2.0
95,109,4.0
95,179,3.0
95,194,3.0
95,229,5.0
95,268,1.0
95,357,4.0
95,387,1.0
95,399,5.0
95,421,2.0
95,425,3.0
95,438,5.0
95,445,3.0
95,493,2.0
95,595,1.0
95,600,3.0
95,612,4.0
95,637,5.0
95,656,2.0
95,720,3.0
95,776,4.0
95,786,2.0
95,815,5.0
95,821,5.0
95,855,1.0
95,867,1.0
95,875,3.0
95,899,5.0
95,901,2.0
95,935,1.0
95,952,5.0
95,966,4.0
95,984,4.0
96,7,2.0
96,18,5.0
96,38,3.0
96,112,3.0
96,180,1.0
96,194,1.0
96,198,5.0
96,202,4.0
96,205,3.0
96,211,1.0
96,219,2.0
96,220,2.0
96,236,3.0
96,237,1.0
96,287,2.0
96,293,2.0
96,326,5.0
96,364,5.0
96,400,4.0
96,412,1.0
96,415,4.0
96,433,4.0
96,449,1.0
96,485,5.0
96,510,3.0
96,539,3.0
96,555,1.0
96,558,5.0
96,564,2.0
96,567,4.0
96,601,4.0
96,624,4.0
96,640,4.0
96,669,3.0
96,708,3.0
96,709,4.0
96,730,1.0
96,750,5.0
96,809,1.0
96,836,3.0
96,840,2.0
96,897,1.0
96,902,3.0
96,912,2.0
96,927,3.0
96,959,2.0
96,980,4.0
97,1,1.0
97,9,3.0
97,15,3.0
97,25,3.0
97,61,4.0
97,70,1.0
97,88,3.0
97,115,2.0
97,137,2.0
97,155,3.5
97,179,5.0
97,224,4.0
97,229,3.0
97,262,5.0
97,290,2.0
97,309,2.0
97,358,3.0
97,365,2.0
97,409,3.0
97,428,2.5
97,479,5.0
97,514,5.0
97,517,4.0
97,572,4.0
97,588,2.0
97,619,5.0
97,634,2.0
97,656,4.0
97,657,2.0
97,709,2.0
97,714,4.0
97,726,1.0
97,731,3.0
97,837,4.0
97,848,3.0
97,867,1.0
97,868,2.0
97,889,2.0
97,890,1.0
97,934,3.0
97,945,5.0
97,953,5.0
97,957,2.0
97,969,4.0
98,0,3.0
98,39,5.0
98,45,1.0
98,66,2.0
98,69,1.0
98,83,2.0
98,108,5.0
98,166,2.0
98,167,1.0
98,238,2.0
98,272,1.0
98,273,1.0
98,282,5.0
98,295,1.0
98,302,3.0
98,309,2.0
98,313,1.0
98,327,3.0
98,338,5.0
98,339,1.0
98,395,2.0
98,396,4.0
98,407,2.0
98,409,3.0
98,413,4.0
98,426,1.0
98,433,4.0
98,443,2.0
98,446,1.0
98,479,3.0
98,495,5.0
98,510,1.0
98,514,1.0
98,517,3.0
98,534,3.0
98,575,5.0
98,588,3.0
98,596,3.0
98,604,4.0
98,657,3.0
98,665,5.0
98,698,3.0
98,699,5.0
98,719,5.0
98,750,3.0
98,771,2.0
98,777,5.0
98,796,4.0
98,802,3.0
98,803,4.0
98,867,3.0
98,868,5.0
98,919,2.0
98,931,2.0
98,934,4.0
98,970,3.0
98,976,3.0
98,993,2.0
99,24,4.0
99,31,2.0
99,36,3.0
99,39,3.0
99,68,5.0
99,73,4.0
99,75,4.0
99,105,3.0
99,126,5.0
99,127,1.0
99,142,2.0
99,154,4.0
99,177,3.0
99,179,2.0
99,214,5.0
99,216,2.0
99,272,3.0
99,323,2.0
99,327,3.0
99,363,3.0
99,370,3.0
99,405,5.0
99,424,1.0
99,473,4.0
99,489,2.0
99,490,5.0
99,505,1.0
99,510,4.0
99,516,3.0
99,525,3.0
99,540,5.0
99,566,2.0
99,573,4.0
99,585,3.0
99,595,4.0
99,638,1.0
99,648,2.0
99,652,5.0
99,665,4.0
99,673,2.0
99,676,4.0
99,683,3.0
99,685,4.0
99,690,2.0
99,691,1.0
99,727,2.0
99,755,2.0
99,780,3.0
99,784,3.0
99,803,1.0
99,808,1.0
99,824,4.0
99,852,3.0
99,855,1.0
99,858,3.0
99,873,5.0
99,897,3.0
99,944,5.0
99,953,2.0
99,961,3.0
99,987,3.0
100,41,2.0
100,49,1.0
100,56,5.0
100,75,4.0
100,124,2.0
100,145,2.0
100,162,2.0
100,188,3.0
100,199,4.0
100,238,4.0
100,243,4.0
100,259,4.0
100,260,5.0
100,274,5.0
100,282,1.0
100,352,2.0
100,368,2.0
100,371,1.0
100,415,1.0
100,419,1.0
100,438,2.0
100,480,4.0
100,489,3.0
100,501,3.0
100,568,5.0
100,589,2.0
100,630,4.0
100,635,4.0
100,657,5.0
100,680,3.0
100,681,2.0
100,722,1.0
100,725,5.0
100,728,1.0
100,734,2.0
100,821,1.0
100,830,1.0
100,869,4.0
100,881,4.0
100,904,5.0
100,942,1.0
100,950,1.0
100,954,5.0
100,962,3.0
100,972,2.0
100,979,2.0
100,986,5.0
